Bus,v_nom,symbol,under_construction,tag_substation,tag_area,lon,lat,country,substation_lv,x,y,substation_off,v_nom_raw,type,carrier,unit,v_mag_pu_set,v_mag_pu_min,v_mag_pu_max,control,generator,sub_network
1,230.0,substation,False,transmission,0.0,-78.6894,-1.6514,EC,False,-78.6894,-1.6514,True,230.0,,AC,,1.0,0.0,inf,PQ,,0
3,138.0,substation,False,transmission,0.0,-80.8885,-2.2294,EC,False,-80.8885,-2.2294,True,138.0,,AC,,1.0,0.0,inf,PQ,,0
4,138.0,substation,False,transmission,0.0,-78.4389,-0.0539,EC,True,-78.4389,-0.0539,True,138.0,,AC,,1.0,0.0,inf,PQ,,0
5,230.0,substation,False,transmission,0.0,-78.4379,-0.0529,EC,False,-78.4379,-0.0529,True,230.0,,AC,,1.0,0.0,inf,PQ,,0
7,138.0,substation,False,transmission,0.0,-78.5362,-0.3642,EC,False,-78.5362,-0.3642,True,138.0,,AC,,1.0,0.0,inf,PQ,,0
8,230.0,substation,False,transmission,0.0,-78.5352,-0.3632,EC,False,-78.5352,-0.3632,True,230.0,,AC,,1.0,0.0,inf,PQ,,0
10,138.0,substation,False,transmission,0.0,-78.6084,-0.7942,EC,False,-78.6084,-0.7942,True,138.0,,AC,,1.0,0.0,inf,PQ,,0
11,138.0,substation,False,transmission,0.0,-78.5989,-1.2984,EC,True,-78.5989,-1.2984,True,138.0,,AC,,1.0,0.0,inf,PQ,,0
12,230.0,substation,False,transmission,0.0,-78.5979,-1.2974,EC,False,-78.5979,-1.2974,True,230.0,,AC,,1.0,0.0,inf,PQ,,0
14,138.0,substation,False,transmission,0.0,-78.6025,-1.2207,EC,False,-78.6025,-1.2207,True,138.0,,AC,,1.0,0.0,inf,PQ,,0
16,138.0,substation,False,transmission,0.0,-79.9009,-2.2404,EC,False,-79.9009,-2.2404,True,138.0,,AC,,1.0,0.0,inf,PQ,,0
17,230.0,substation,False,transmission,0.0,-79.8999,-2.2394,EC,False,-79.8999,-2.2394,True,230.0,,AC,,1.0,0.0,inf,PQ,,0
19,138.0,substation,False,transmission,0.0,-76.9985,-0.4282,EC,False,-76.9985,-0.4282,True,138.0,,AC,,1.0,0.0,inf,PQ,,0
21,138.0,substation,False,transmission,0.0,-79.4916,-1.0523,EC,False,-79.4916,-1.0523,True,138.0,,AC,,1.0,0.0,inf,PQ,,0
22,230.0,substation,False,transmission,0.0,-79.4906,-1.0513,EC,False,-79.4906,-1.0513,True,230.0,,AC,,1.0,0.0,inf,PQ,,0
24,138.0,substation,False,transmission,0.0,-79.9559,-2.0342,EC,False,-79.9559,-2.0342,True,138.0,,AC,,1.0,0.0,inf,PQ,,0
25,230.0,substation,False,transmission,0.0,-79.9549,-2.0332,EC,False,-79.9549,-2.0332,True,230.0,,AC,,1.0,0.0,inf,PQ,,0
26,500.0,substation,False,transmission,0.0,-79.9539,-2.0322,EC,False,-79.9539,-2.0322,True,500.0,,AC,,1.0,0.0,inf,PQ,,0
28,138.0,substation,False,transmission,0.0,-78.1608,0.3597,EC,False,-78.1608,0.3597,True,138.0,,AC,,1.0,0.0,inf,PQ,,0
30,138.0,substation,False,transmission,0.0,-78.1398,-2.3411,EC,False,-78.1398,-2.3411,True,138.0,,AC,,1.0,0.0,inf,PQ,,0
32,230.0,substation,False,transmission,0.0,-78.6335,-2.5883,EC,False,-78.6335,-2.5883,True,230.0,,AC,,1.0,0.0,inf,PQ,,0
33,138.0,substation,False,transmission,0.0,-79.7786,-3.1322,EC,True,-79.7786,-3.1322,True,138.0,,AC,,1.0,0.0,inf,PQ,,0
34,230.0,substation,False,transmission,0.0,-79.7776,-3.1312,EC,False,-79.7776,-3.1312,True,230.0,,AC,,1.0,0.0,inf,PQ,,0
36,138.0,substation,False,transmission,0.0,-77.7216,0.7731,EC,False,-77.7216,0.7731,True,138.0,,AC,,1.0,0.0,inf,PQ,,0
38,138.0,substation,False,transmission,0.0,-80.6914,-0.9928,EC,False,-80.6914,-0.9928,True,138.0,,AC,,1.0,0.0,inf,PQ,,0
40,230.0,substation,False,transmission,0.0,-79.9808,-2.1267,EC,False,-79.9808,-2.1267,True,230.0,,AC,,1.0,0.0,inf,PQ,,0
42,138.0,substation,False,transmission,0.0,-79.6844,0.9052,EC,False,-79.6844,0.9052,True,138.0,,AC,,1.0,0.0,inf,PQ,,0
43,230.0,substation,False,transmission,0.0,-79.6834,0.9062,EC,False,-79.6834,0.9062,True,230.0,,AC,,1.0,0.0,inf,PQ,,0
45,230.0,substation,False,transmission,0.0,-78.9117,0.218,EC,False,-78.9117,0.218,True,230.0,,AC,,1.0,0.0,inf,PQ,,0
47,138.0,substation,False,transmission,0.0,-78.9843,-2.8795,EC,False,-78.9843,-2.8795,True,138.0,,AC,,1.0,0.0,inf,PQ,,0
48,230.0,substation,False,transmission,0.0,-78.9833,-2.8785,EC,False,-78.9833,-2.8785,True,230.0,,AC,,1.0,0.0,inf,PQ,,0
50,138.0,substation,False,transmission,0.0,-79.202,-3.9606,EC,False,-79.202,-3.9606,True,138.0,,AC,,1.0,0.0,inf,PQ,,0
51,138.0,substation,False,transmission,0.0,-78.2922,-2.7378,EC,True,-78.2922,-2.7378,True,138.0,,AC,,1.0,0.0,inf,PQ,,0
52,138.0,substation,False,transmission,0.0,-78.5105,-2.5756,EC,True,-78.5105,-2.5756,True,138.0,,AC,,1.0,0.0,inf,PQ,,0
53,230.0,substation,False,transmission,0.0,-78.5095,-2.5746,EC,False,-78.5095,-2.5746,True,230.0,,AC,,1.0,0.0,inf,PQ,,0
55,138.0,substation,False,transmission,0.0,-77.9947,-1.4582,EC,False,-77.9947,-1.4582,True,138.0,,AC,,1.0,0.0,inf,PQ,,0
56,138.0,substation,False,transmission,0.0,-79.7526,-0.927,EC,True,-79.7526,-0.927,True,138.0,,AC,,1.0,0.0,inf,PQ,,0
58,138.0,substation,False,transmission,0.0,-80.3437,-2.6328,EC,False,-80.3437,-2.6328,True,138.0,,AC,,1.0,0.0,inf,PQ,,0
60,138.0,substation,False,transmission,0.0,-79.8341,-2.1691,EC,False,-79.8341,-2.1691,True,138.0,,AC,,1.0,0.0,inf,PQ,,0
62,138.0,substation,False,transmission,0.0,-79.4722,0.3149,EC,False,-79.4722,0.3149,True,138.0,,AC,,1.0,0.0,inf,PQ,,0
64,138.0,substation,False,transmission,0.0,-79.5422,-1.7985,EC,False,-79.5422,-1.7985,True,138.0,,AC,,1.0,0.0,inf,PQ,,0
65,138.0,substation,False,transmission,0.0,-78.784,-2.9061,EC,True,-78.784,-2.9061,True,138.0,,AC,,1.0,0.0,inf,PQ,,0
66,138.0,substation,False,transmission,0.0,-78.4539,-1.0782,EC,True,-78.4539,-1.0782,True,138.0,,AC,,1.0,0.0,inf,PQ,,0
68,138.0,substation,False,transmission,0.0,-78.3739,-1.3971,EC,False,-78.3739,-1.3971,True,138.0,,AC,,1.0,0.0,inf,PQ,,0
69,138.0,substation,False,transmission,0.0,-78.3729,-1.3961,EC,False,-78.3729,-1.3961,True,145.0,,AC,,1.0,0.0,inf,PQ,,0
71,138.0,substation,False,transmission,0.0,-78.4785,-0.2724,EC,False,-78.4785,-0.2724,True,138.0,,AC,,1.0,0.0,inf,PQ,,0
73,138.0,substation,False,transmission,0.0,-78.4931,-0.1662,EC,False,-78.4931,-0.1662,True,138.0,,AC,,1.0,0.0,inf,PQ,,0
75,230.0,substation,False,transmission,0.0,-76.8665,-0.1234,EC,False,-76.8665,-0.1234,True,230.0,,AC,,1.0,0.0,inf,PQ,,0
77,138.0,substation,False,transmission,0.0,-80.4609,-1.0148,EC,False,-80.4609,-1.0148,True,138.0,,AC,,1.0,0.0,inf,PQ,,0
78,230.0,substation,False,transmission,0.0,-80.4599,-1.0138,EC,False,-80.4599,-1.0138,True,230.0,,AC,,1.0,0.0,inf,PQ,,0
80,138.0,substation,False,transmission,0.0,-80.43,-1.0722,EC,False,-80.43,-1.0722,True,138.0,,AC,,1.0,0.0,inf,PQ,,0
81,230.0,substation,False,transmission,0.0,-78.9866,-0.3184,EC,True,-78.9866,-0.3184,True,230.0,,AC,,1.0,0.0,inf,PQ,,0
82,500.0,substation,False,transmission,0.0,-78.6919,-1.3433,EC,True,-78.6919,-1.3433,True,500.0,,AC,,1.0,0.0,inf,PQ,,0
83,138.0,substation,False,transmission,0.0,-77.9377,0.4027,EC,True,-77.9377,0.4027,True,138.0,,AC,,1.0,0.0,inf,PQ,,0
84,230.0,substation,False,transmission,0.0,-77.9367,0.4037,EC,False,-77.9367,0.4037,True,230.0,,AC,,1.0,0.0,inf,PQ,,0
85,230.0,substation,False,transmission,0.0,-78.758,-2.6697,EC,True,-78.758,-2.6697,True,230.0,,AC,,1.0,0.0,inf,PQ,,0
86,138.0,substation,False,transmission,0.0,-79.1226,-0.2617,EC,True,-79.1226,-0.2617,True,138.0,,AC,,1.0,0.0,inf,PQ,,0
87,230.0,substation,False,transmission,0.0,-79.1216,-0.2607,EC,False,-79.1216,-0.2607,True,230.0,,AC,,1.0,0.0,inf,PQ,,0
89,230.0,substation,False,transmission,0.0,-78.4535,-3.5653,EC,False,-78.4535,-3.5653,True,230.0,,AC,,1.0,0.0,inf,PQ,,0
91,138.0,substation,False,transmission,0.0,-78.3299,-0.3,EC,True,-78.3299,-0.3,True,138.0,,AC,,1.0,0.0,inf,PQ,,0
92,230.0,substation,False,transmission,0.0,-78.3289,-0.299,EC,False,-78.3289,-0.299,True,230.0,,AC,,1.0,0.0,inf,PQ,,0
93,500.0,substation,False,transmission,0.0,-78.3279,-0.298,EC,False,-78.3279,-0.298,True,500.0,,AC,,1.0,0.0,inf,PQ,,0
95,138.0,substation,False,transmission,0.0,-77.33,-0.7082,EC,False,-77.33,-0.7082,True,138.0,,AC,,1.0,0.0,inf,PQ,,0
97,138.0,substation,False,transmission,0.0,-78.8585,-3.9721,EC,False,-78.8585,-3.9721,True,138.0,,AC,,1.0,0.0,inf,PQ,,0
99,138.0,substation,False,transmission,0.0,-79.8963,-3.2783,EC,False,-79.8963,-3.2783,True,138.0,,AC,,1.0,0.0,inf,PQ,,0
100,230.0,substation,False,transmission,0.0,-79.8953,-3.2773,EC,False,-79.8953,-3.2773,True,230.0,,AC,,1.0,0.0,inf,PQ,,0
102,138.0,substation,False,transmission,0.0,-79.5516,-2.1628,EC,False,-79.5516,-2.1628,True,138.0,,AC,,1.0,0.0,inf,PQ,,0
103,230.0,substation,False,transmission,0.0,-79.5506,-2.1618,EC,False,-79.5506,-2.1618,True,230.0,,AC,,1.0,0.0,inf,PQ,,0
105,230.0,substation,False,transmission,0.0,-79.7261,-2.2178,EC,False,-79.7261,-2.2178,True,230.0,,AC,,1.0,0.0,inf,PQ,,0
106,138.0,substation,False,transmission,0.0,-79.8782,-3.117,EC,True,-79.8782,-3.117,True,138.0,,AC,,1.0,0.0,inf,PQ,,0
107,230.0,substation,False,transmission,0.0,-79.4574,-0.6711,EC,True,-79.4574,-0.6711,True,230.0,,AC,,1.0,0.0,inf,PQ,,0
108,500.0,substation,False,transmission,0.0,-77.513,-0.1057,EC,True,-77.513,-0.1057,True,500.0,,AC,,1.0,0.0,inf,PQ,,0
110,230.0,substation,False,transmission,0.0,-78.2633,-1.4092,EC,True,-78.2633,-1.4092,True,230.0,,AC,,1.0,0.0,inf,PQ,,0
111,138.0,substation,False,transmission,0.0,-78.5739,-0.3056,EC,True,-78.5739,-0.3056,True,138.0,,AC,,1.0,0.0,inf,PQ,,0
115,230.0,substation,False,transmission,0.0,-79.6968,-2.3047,EC,True,-79.6968,-2.3047,True,230.0,,AC,,1.0,0.0,inf,PQ,,0
120,230.0,substation,False,transmission,0.0,-76.6497,-0.1793,EC,False,-76.6497,-0.1793,True,230.0,,AC,,1.0,0.0,inf,PQ,,0
123,230.0,substation,False,transmission,0.0,-80.2073,-3.5449,EC,True,-80.2073,-3.5449,True,230.0,,AC,,1.0,0.0,inf,PQ,,0
125,230.0,substation,False,transmission,0.0,-79.2568,-0.1174,EC,False,-79.2568,-0.1174,True,230.0,,AC,,1.0,0.0,inf,PQ,,0
128,138.0,substation,False,transmission,0.0,-78.1432,-0.3815,EC,True,-78.1432,-0.3815,True,138.0,,AC,,1.0,0.0,inf,PQ,,0
131,138.0,substation,False,transmission,0.0,-78.5003,-3.0067,EC,True,-78.5003,-3.0067,True,138.0,,AC,,1.0,0.0,inf,PQ,,0
132,138.0,substation,False,transmission,0.0,-78.4419,-2.978,EC,True,-78.4419,-2.978,True,138.0,,AC,,1.0,0.0,inf,PQ,,0
142,138.0,substation,False,transmission,0.0,-80.7269,-2.2852,EC,False,-80.7269,-2.2852,True,138.0,,AC,,1.0,0.0,inf,PQ,,0
145,138.0,substation,False,transmission,0.0,-80.3203,-2.2068,EC,False,-80.3203,-2.2068,True,138.0,,AC,,1.0,0.0,inf,PQ,,0
146,138.0,substation,False,transmission,0.0,-80.1395,-2.1476,EC,True,-80.1395,-2.1476,True,138.0,,AC,,1.0,0.0,inf,PQ,,0
153,138.0,substation,False,transmission,0.0,-78.5539,-0.4588,EC,False,-78.5539,-0.4588,True,138.0,,AC,,1.0,0.0,inf,PQ,,0
158,230.0,substation,False,transmission,0.0,-79.297,-2.4605,EC,True,-79.297,-2.4605,True,230.0,,AC,,1.0,0.0,inf,PQ,,0
159,230.0,substation,False,transmission,0.0,-79.6002,-3.3087,EC,True,-79.6002,-3.3087,True,230.0,,AC,,1.0,0.0,inf,Slack,,7
161,230.0,substation,False,transmission,0.0,-77.4499,-0.0227,EC,True,-77.4499,-0.0227,True,230.0,,AC,,1.0,0.0,inf,PQ,,0
165,138.0,substation,False,transmission,0.0,-78.366,-0.454,EC,True,-78.366,-0.454,True,138.0,,AC,,1.0,0.0,inf,PQ,,0
166,138.0,substation,False,transmission,0.0,-78.193,-1.4056,EC,True,-78.193,-1.4056,True,138.0,,AC,,1.0,0.0,inf,PQ,,0
177,138.0,substation,False,transmission,0.0,-80.1149,-0.7171,EC,False,-80.1149,-0.7171,True,138.0,,AC,,1.0,0.0,inf,PQ,,0
181,138.0,substation,False,transmission,0.0,-79.5076,-1.9661,EC,True,-79.5076,-1.9661,True,138.0,,AC,,1.0,0.0,inf,PQ,,0
186,138.0,substation,False,transmission,0.0,-79.4962,-0.0596,EC,True,-79.4962,-0.0596,True,138.0,,AC,,1.0,0.0,inf,Slack,,12
196,138.0,substation,False,transmission,0.0,-77.8116,-1.0073,EC,True,-77.8116,-1.0073,True,138.0,,AC,,1.0,0.0,inf,PQ,,0
197,230.0,substation,False,transmission,0.0,-78.7794,-2.5958,EC,True,-78.7794,-2.5958,True,230.0,,AC,,1.0,0.0,inf,PQ,,0
217,500.0,substation,False,transmission,0.0,-79.2015,-1.6442,EC,False,-79.2015,-1.6442,True,500.0,,AC,,1.0,0.0,inf,PQ,,0
256,138.0,substation,False,transmission,0.0,-78.4386,0.0187,EC,True,-78.4386,0.0187,True,138.0,,AC,,1.0,0.0,inf,PQ,,0
257,500.0,substation,False,transmission,0.0,-77.6485,-0.1948,EC,True,-77.6485,-0.1948,True,500.0,,AC,,1.0,0.0,inf,PQ,,0
264,230.0,substation,False,transmission,0.0,-79.7308,-3.0369,EC,True,-79.7308,-3.0369,True,230.0,,AC,,1.0,0.0,inf,PQ,,0
271,138.0,substation,False,transmission,0.0,-80.0449,-2.1902,EC,True,-80.0449,-2.1902,True,138.0,,AC,,1.0,0.0,inf,PQ,,0
273,138.0,substation,False,transmission,0.0,-80.5993,-1.0636,EC,True,-80.5993,-1.0636,True,138.0,,AC,,1.0,0.0,inf,PQ,,0
277,138.0,substation,False,transmission,0.0,-79.5074,-2.0203,EC,True,-79.5074,-2.0203,True,138.0,,AC,,1.0,0.0,inf,PQ,,0
278,138.0,substation,False,transmission,0.0,-78.2909,-0.0927,EC,True,-78.2909,-0.0927,True,138.0,,AC,,1.0,0.0,inf,PQ,,0
279,230.0,substation,False,transmission,0.0,-79.7595,-3.2083,EC,True,-79.7595,-3.2083,True,230.0,,AC,,1.0,0.0,inf,PQ,,7
280,138.0,substation,False,transmission,0.0,-78.4113,-0.3306,EC,True,-78.4113,-0.3306,True,138.0,,AC,,1.0,0.0,inf,PQ,,0
281,230.0,substation,False,transmission,0.0,-78.9147,-0.3683,EC,True,-78.9147,-0.3683,True,230.0,,AC,,1.0,0.0,inf,PQ,,0
288,138.0,substation,False,transmission,0.0,-78.04,0.3969,EC,True,-78.04,0.3969,True,138.0,,AC,,1.0,0.0,inf,PQ,,0
291,138.0,substation,False,transmission,0.0,-79.9195,0.0176,EC,True,-79.9195,0.0176,True,138.0,,AC,,1.0,0.0,inf,PQ,,12
292,230.0,substation,False,transmission,0.0,-79.7513,-3.0923,EC,True,-79.7513,-3.0923,True,230.0,,AC,,1.0,0.0,inf,PQ,,0
294,230.0,substation,False,transmission,0.0,-78.4665,-2.5911,EC,True,-78.4665,-2.5911,True,230.0,,AC,,1.0,0.0,inf,PQ,,0
