Line,num_parallel,v_nom,bus0,bus1,length,dc,carrier,type,s_max_pu,s_nom,underwater_fraction,v_nom_raw,x,r,g,b,s_nom_mod,s_nom_extendable,s_nom_min,s_nom_max,capital_cost,build_year,lifetime,terrain_factor,v_ang_min,v_ang_max,sub_network,x_pu,r_pu,g_pu,b_pu,x_pu_eff,r_pu_eff,s_nom_opt,s_nom_pu
0,2.0,230.0,8,5,45.75498723063577,False,AC,Al/St 240/40 2-bundle 220.0,0.7,1027.7989492113718,0.0,230.0,6.886125578210683,1.372649616919073,0.0,0.0003593588293721504,0.0,False,0.0,inf,0.0,0,inf,1.0,-inf,inf,0,0.00013017250620436072,2.594800788126792e-05,0.0,19.010082073786755,0.00013017250620436072,2.594800788126792e-05,1027.7989492113718,1.0
1,2.0,230.0,81,8,60.38996986793471,False,AC,Al/St 240/40 2-bundle 220.0,0.7,1027.7989492113718,0.0,230.0,9.088690465124174,1.8116990960380412,0.0,0.0004743017142190317,0.0,False,0.0,inf,0.0,0,inf,1.0,-inf,inf,0,0.0001718088934806082,3.424761996291193e-05,0.0,25.090560682186776,0.0001718088934806082,3.424761996291193e-05,1027.7989492113718,1.0
2,2.0,138.0,4,73,19.801065978842747,False,AC,243-AL1/39-ST1A 20.0,0.7,308.3396847634115,0.0,138.0,3.1681705566148395,1.1761833191432591,0.0,0.00013685514350723416,0.0,False,0.0,inf,0.0,0,inf,1.0,-inf,inf,0,0.00016636056272919763,6.176135891321461e-05,0.0,2.6062693529517675,0.00016636056272919763,6.176135891321461e-05,308.3396847634115,1.0
3,2.0,138.0,111,7,8.552634318927097,False,AC,243-AL1/39-ST1A 20.0,0.7,308.3396847634115,0.0,138.0,1.3684214910283357,0.5080264785442696,0.0,5.911156491939889e-05,0.0,False,0.0,inf,0.0,0,inf,1.0,-inf,inf,0,7.185578087735432e-05,2.667645865071779e-05,0.0,1.1257206423250323,7.185578087735432e-05,2.667645865071779e-05,308.3396847634115,1.0
4,2.0,138.0,73,111,15.955405855552648,False,AC,243-AL1/39-ST1A 20.0,0.7,308.3396847634115,0.0,138.0,2.5528649368884238,0.9477511078198273,0.0,0.0001102758488058651,0.0,False,0.0,inf,0.0,0,inf,1.0,-inf,inf,0,0.00013405087885362443,4.976638877440807e-05,0.0,2.100093264658895,0.00013405087885362443,4.976638877440807e-05,308.3396847634115,1.0
6,1.0,138.0,10,7,49.75301120663367,False,AC,243-AL1/39-ST1A 20.0,0.7,154.16984238170576,0.0,138.0,15.920963586122776,5.91065773134808,0.0,0.0001719340639508041,0.0,False,0.0,inf,0.0,0,inf,1.0,-inf,inf,0,0.0008360094300631577,0.0003103685009109473,0.0,3.274312313879113,0.0008360094300631577,0.0003103685009109473,154.16984238170576,1.0
7,1.0,138.0,10,66,42.47231056291004,False,AC,243-AL1/39-ST1A 20.0,0.7,154.16984238170576,0.0,138.0,13.591139380131212,5.045710494873712,0.0,0.00014677376872996458,0.0,False,0.0,inf,0.0,0,inf,1.0,-inf,inf,0,0.0007136704148357074,0.0002649501415077564,0.0,2.7951596516934454,0.0007136704148357074,0.0002649501415077564,154.16984238170576,1.0
8,2.0,230.0,12,8,110.72243459133398,False,AC,Al/St 240/40 2-bundle 220.0,0.7,1027.7989492113718,0.0,230.0,16.663726405995764,3.321673037740019,0.0,0.0008696119677492781,0.0,False,0.0,inf,0.0,0,inf,1.0,-inf,inf,0,0.0003150042798864984,6.279155080793987e-05,0.0,46.002473093936814,0.0003150042798864984,6.279155080793987e-05,1027.7989492113718,1.0
9,1.0,138.0,71,73,7.348123711569519,False,AC,243-AL1/39-ST1A 20.0,0.7,154.16984238170576,0.0,138.0,2.351399587702246,0.8729570969344589,0.0,2.5393292616929343e-05,0.0,False,0.0,inf,0.0,0,inf,1.0,-inf,inf,0,0.00012347193802259222,4.583895699088736e-05,0.0,0.4835898645968024,0.00012347193802259222,4.583895699088736e-05,154.16984238170576,1.0
10,1.0,138.0,7,71,10.78476912242037,False,AC,243-AL1/39-ST1A 20.0,0.7,154.16984238170576,0.0,138.0,3.451126119174518,1.28123057174354,0.0,3.726948659022366e-05,0.0,False,0.0,inf,0.0,0,inf,1.0,-inf,inf,0,0.00018121855278169073,6.727738772020269e-05,0.0,0.7097601026242194,0.00018121855278169073,6.727738772020269e-05,154.16984238170576,1.0
13,2.0,138.0,11,68,31.55288292051829,False,AC,243-AL1/39-ST1A 20.0,0.7,308.3396847634115,0.0,138.0,5.048461267282926,1.8742412454787865,0.0,0.00021807787140189406,0.0,False,0.0,inf,0.0,0,inf,1.0,-inf,inf,0,0.0002650945845034093,9.841636449689069e-05,0.0,4.15307498297767,0.0002650945845034093,9.841636449689069e-05,308.3396847634115,1.0
14,1.0,138.0,11,14,7.669817839015075,False,AC,243-AL1/39-ST1A 20.0,0.7,154.16984238170576,0.0,138.0,2.454341708484824,0.911174359274991,0.0,2.6504987715163875e-05,0.0,False,0.0,inf,0.0,0,inf,1.0,-inf,inf,0,0.0001288774264064705,4.7845744553402175e-05,0.0,0.5047609860475808,0.0001288774264064705,4.7845744553402175e-05,154.16984238170576,1.0
16,1.0,138.0,95,196,86.62236939393556,False,AC,243-AL1/39-ST1A 20.0,0.7,154.16984238170576,0.0,138.0,27.71915820605938,10.290737483999544,0.0,0.00029934541925698223,0.0,False,0.0,inf,0.0,0,inf,1.0,-inf,inf,0,0.001455532356965941,0.0005403663875236056,0.0,5.70073416432997,0.001455532356965941,0.0005403663875236056,154.16984238170576,1.0
17,2.0,230.0,107,22,43.545573516763476,False,AC,Al/St 240/40 2-bundle 220.0,0.7,1027.7989492113718,0.0,230.0,6.553608814272903,1.3063672055029043,0.0,0.000342006134641546,0.0,False,0.0,inf,0.0,0,inf,1.0,-inf,inf,0,0.00012388674507132143,2.4695032240130518e-05,0.0,18.092124522537784,0.00012388674507132143,2.4695032240130518e-05,1027.7989492113718,1.0
18,2.0,138.0,24,60,14.011811313323278,False,AC,243-AL1/39-ST1A 20.0,0.7,308.3396847634115,0.0,138.0,2.2418898101317244,0.8323015920114027,0.0,9.684268766793008e-05,0.0,False,0.0,inf,0.0,0,inf,1.0,-inf,inf,0,0.00011772158213252072,4.370413736669832e-05,0.0,1.8442721439480605,0.00011772158213252072,4.370413736669832e-05,308.3396847634115,1.0
20,2.0,230.0,25,103,42.89917821907506,False,AC,Al/St 240/40 2-bundle 220.0,0.7,1027.7989492113718,0.0,230.0,6.4563263219707965,1.2869753465722518,0.0,0.0003369293578452137,0.0,False,0.0,inf,0.0,0,inf,1.0,-inf,inf,0,0.00012204775655899426,2.4328456456942378e-05,0.0,17.823563030011805,0.00012204775655899426,2.4328456456942378e-05,1027.7989492113718,1.0
21,2.0,230.0,103,158,40.554188934436176,False,AC,Al/St 240/40 2-bundle 220.0,0.7,1027.7989492113718,0.0,230.0,6.103405434632644,1.2166256680330851,0.0,0.000318511855071793,0.0,False,0.0,inf,0.0,0,inf,1.0,-inf,inf,0,0.00011537628420855659,2.299859485884849e-05,0.0,16.84927713329785,0.00011537628420855659,2.299859485884849e-05,1027.7989492113718,1.0
22,1.0,138.0,30,51,51.53311733717505,False,AC,243-AL1/39-ST1A 20.0,0.7,154.16984238170576,0.0,138.0,16.490597547896016,6.122134339656396,0.0,0.00017808566912735492,0.0,False,0.0,inf,0.0,0,inf,1.0,-inf,inf,0,0.0008659208962348255,0.000321473132727179,0.0,3.3914634828613472,0.0008659208962348255,0.000321473132727179,154.16984238170576,1.0
25,2.0,138.0,28,256,52.47913581836771,False,AC,243-AL1/39-ST1A 20.0,0.7,308.3396847634115,0.0,138.0,8.396661730938833,3.117260667611042,0.0,0.00036270974861819495,0.0,False,0.0,inf,0.0,0,inf,1.0,-inf,inf,0,0.0004409085134918522,0.00016368728563385013,0.0,6.907444452684905,0.0004409085134918522,0.00016368728563385013,308.3396847634115,1.0
26,2.0,138.0,256,4,8.294594029031812,False,AC,243-AL1/39-ST1A 20.0,0.7,308.3396847634115,0.0,138.0,1.3271350446450898,0.49269888532448963,0.0,5.7328118465455426e-05,0.0,False,0.0,inf,0.0,0,inf,1.0,-inf,inf,0,6.968783053166823e-05,2.5871607084881833e-05,0.0,1.0917566880561331,6.968783053166823e-05,2.5871607084881833e-05,308.3396847634115,1.0
27,2.0,230.0,12,1,42.932853058464524,False,AC,Al/St 240/40 2-bundle 220.0,0.7,1027.7989492113718,0.0,230.0,6.46139438529891,1.2879855917539356,0.0,0.0003371938394153056,0.0,False,0.0,inf,0.0,0,inf,1.0,-inf,inf,0,0.00012214356115876958,2.434755371935606e-05,0.0,17.837554105069668,0.00012214356115876958,2.434755371935606e-05,1027.7989492113718,1.0
28,2.0,230.0,1,197,126.2164685852379,False,AC,Al/St 240/40 2-bundle 220.0,0.7,1027.7989492113718,0.0,230.0,18.995578522078304,3.786494057557137,0.0,0.000991301826173576,0.0,False,0.0,inf,0.0,0,inf,1.0,-inf,inf,0,0.00035908466015270894,7.157833757196856e-05,0.0,52.439866604582164,0.00035908466015270894,7.157833757196856e-05,1027.7989492113718,1.0
30,1.0,138.0,28,36,74.94704997853668,False,AC,243-AL1/39-ST1A 20.0,0.7,154.16984238170576,0.0,138.0,23.98305599313174,8.903709537450158,0.0,0.0002589984117828777,0.0,False,0.0,inf,0.0,0,inf,1.0,-inf,inf,0,0.0012593497160854725,0.00046753358209673167,0.0,4.932365753993123,0.0012593497160854725,0.00046753358209673167,154.16984238170576,1.0
31,2.0,230.0,32,53,15.30008132050289,False,AC,Al/St 240/40 2-bundle 220.0,0.7,1027.7989492113718,0.0,230.0,2.3026622387356848,0.4590024396150867,0.0,0.00012016655768954576,0.0,False,0.0,inf,0.0,0,inf,1.0,-inf,inf,0,4.3528586743585725e-05,8.676794699718085e-06,0.0,6.356810901776971,4.3528586743585725e-05,8.676794699718085e-06,1027.7989492113718,1.0
32,1.0,230.0,53,32,13.596009160479209,False,AC,Al/St 240/40 2-bundle 220.0,0.7,513.8994746056859,0.0,230.0,4.092398757304242,0.8157605496287526,0.0,5.339140312087627e-05,0.0,False,0.0,inf,0.0,0,inf,1.0,-inf,inf,0,7.736103510972102e-05,1.5420804340808176e-05,0.0,2.8244052250943548,7.736103510972102e-05,1.5420804340808176e-05,513.8994746056859,1.0
33,1.0,230.0,48,32,50.13449151610686,False,AC,Al/St 240/40 2-bundle 220.0,0.7,513.8994746056859,0.0,230.0,15.090481946348165,3.008069490966412,0.0,0.00019687768779807645,0.0,False,0.0,inf,0.0,0,inf,1.0,-inf,inf,0,0.0002852643090046912,5.6863317409573005e-05,0.0,10.414829684518244,0.0002852643090046912,5.6863317409573005e-05,513.8994746056859,1.0
34,2.0,230.0,115,17,26.47434893383385,False,AC,Al/St 240/40 2-bundle 220.0,0.7,1027.7989492113718,0.0,230.0,3.984389514541994,0.7942304680150154,0.0,0.000207929050297763,0.0,False,0.0,inf,0.0,0,inf,1.0,-inf,inf,0,7.531927248661614e-05,1.5013808469092918e-05,0.0,10.999446760751663,7.531927248661614e-05,1.5013808469092918e-05,1027.7989492113718,1.0
35,2.0,138.0,102,33,113.55424345045137,False,AC,243-AL1/39-ST1A 20.0,0.7,308.3396847634115,0.0,138.0,18.16867895207222,6.745122060956811,0.0,0.0007848305894173468,0.0,False,0.0,inf,0.0,0,inf,1.0,-inf,inf,0,0.000954036911997071,0.0003541862035789126,0.0,14.946313744863952,0.000954036911997071,0.0003541862035789126,308.3396847634115,1.0
36,1.0,138.0,80,77,7.165097676698199,False,AC,243-AL1/39-ST1A 20.0,0.7,154.16984238170576,0.0,138.0,2.292831256543424,0.8512136039917461,0.0,2.476080004570519e-05,0.0,False,0.0,inf,0.0,0,inf,1.0,-inf,inf,0,0.00012039651630662802,4.469720667883565e-05,0.0,0.4715446760704097,0.00012039651630662802,4.469720667883565e-05,154.16984238170576,1.0
40,2.0,138.0,80,56,91.48287295263945,False,AC,243-AL1/39-ST1A 20.0,0.7,308.3396847634115,0.0,138.0,14.637259672422314,5.434082653386784,0.0,0.0006322842275140611,0.0,False,0.0,inf,0.0,0,inf,1.0,-inf,inf,0,0.0007686021672139421,0.000285343554578176,0.0,12.04122082877778,0.0007686021672139421,0.000285343554578176,308.3396847634115,1.0
41,2.0,230.0,22,78,113.68760365317644,False,AC,Al/St 240/40 2-bundle 220.0,0.7,1027.7989492113718,0.0,230.0,17.109984349803053,3.410628109595293,0.0,0.0008929003511026182,0.0,False,0.0,inf,0.0,0,inf,1.0,-inf,inf,0,0.00032344015784126754,6.447312116437227e-05,0.0,47.2344285733285,0.00032344015784126754,6.447312116437227e-05,1027.7989492113718,1.0
45,2.0,230.0,32,25,175.2446726009033,False,AC,Al/St 240/40 2-bundle 220.0,0.7,1027.7989492113718,0.0,230.0,26.374323226435944,5.257340178027099,0.0,0.001376368440059366,0.0,False,0.0,inf,0.0,0,inf,1.0,-inf,inf,0,0.0004985694371727021,9.938261206100376e-05,0.0,72.80989047914045,0.0004985694371727021,9.938261206100376e-05,1027.7989492113718,1.0
46,1.0,138.0,3,145,60.11198063250673,False,AC,243-AL1/39-ST1A 20.0,0.7,154.16984238170576,0.0,138.0,19.235833802402155,7.1413032991418,0.0,0.00020773209242259656,0.0,False,0.0,inf,0.0,0,inf,1.0,-inf,inf,0,0.0010100731885319342,0.0003749896712424806,0.0,3.956049968095929,0.0010100731885319342,0.0003749896712424806,154.16984238170576,1.0
47,1.0,138.0,58,145,48.43713682142709,False,AC,243-AL1/39-ST1A 20.0,0.7,154.16984238170576,0.0,138.0,15.499883782856669,5.754331854385538,0.0,0.0001673867285190309,0.0,False,0.0,inf,0.0,0,inf,1.0,-inf,inf,0,0.0008138985393224464,0.0003021598327234582,0.0,3.1877128579164244,0.0008138985393224464,0.0003021598327234582,154.16984238170576,1.0
50,2.0,230.0,103,264,102.3785983276744,False,AC,Al/St 240/40 2-bundle 220.0,0.7,1027.7989492113718,0.0,230.0,15.407979048314996,3.0713579498302317,0.0,0.0008040796309776055,0.0,False,0.0,inf,0.0,0,inf,1.0,-inf,inf,0,0.0002912661445806237,5.8059696594144266e-05,0.0,42.535812478715336,0.0002912661445806237,5.8059696594144266e-05,1027.7989492113718,1.0
51,2.0,230.0,123,100,55.7234527751664,False,AC,Al/St 240/40 2-bundle 220.0,0.7,1027.7989492113718,0.0,230.0,8.386379642662543,1.671703583254992,0.0,0.0004376509746778014,0.0,False,0.0,inf,0.0,0,inf,1.0,-inf,inf,0,0.0001585326964586492,3.1601201951890206e-05,0.0,23.151736560455696,0.0001585326964586492,3.1601201951890206e-05,1027.7989492113718,1.0
52,2.0,138.0,106,33,12.428012960467765,False,AC,243-AL1/39-ST1A 20.0,0.7,308.3396847634115,0.0,138.0,1.9884820736748423,0.7382239698517853,0.0,8.589625927371339e-05,0.0,False,0.0,inf,0.0,0,inf,1.0,-inf,inf,0,0.00010441514774600096,3.8764123600702864e-05,0.0,1.6358083616085977,0.00010441514774600096,3.8764123600702864e-05,308.3396847634115,1.0
54,2.0,230.0,45,87,67.19382845837661,False,AC,Al/St 240/40 2-bundle 220.0,0.7,1027.7989492113718,0.0,230.0,10.11267118298568,2.0158148537512983,0.0,0.000527739094628522,0.0,False,0.0,inf,0.0,0,inf,1.0,-inf,inf,0,0.00019116580686173308,3.8106140902671045e-05,0.0,27.91739810584881,0.00019116580686173308,3.8106140902671045e-05,1027.7989492113718,1.0
58,1.0,138.0,128,91,21.79059747491316,False,AC,243-AL1/39-ST1A 20.0,0.7,154.16984238170576,0.0,138.0,6.972991191972211,2.5887229800196834,0.0,7.530289903897142e-05,0.0,False,0.0,inf,0.0,0,inf,1.0,-inf,inf,0,0.00036615160638375397,0.00013593378386996866,0.0,1.4340684092981717,0.00036615160638375397,0.00013593378386996866,154.16984238170576,1.0
59,1.0,138.0,7,91,22.84406459663797,False,AC,243-AL1/39-ST1A 20.0,0.7,154.16984238170576,0.0,138.0,7.31010067092415,2.713874874080591,0.0,7.894342006642138e-05,0.0,False,0.0,inf,0.0,0,inf,1.0,-inf,inf,0,0.0003838532173348115,0.0001425055069355488,0.0,1.5033984917449288,0.0003838532173348115,0.0001425055069355488,154.16984238170576,1.0
60,2.0,230.0,53,32,14.021839354080184,False,AC,Al/St 240/40 2-bundle 220.0,0.7,1027.7989492113718,0.0,230.0,2.1102868227890674,0.4206551806224055,0.0,0.0001101272687614864,0.0,False,0.0,inf,0.0,0,inf,1.0,-inf,inf,0,3.989200043079523e-05,7.951893773580444e-06,0.0,5.82573251748263,3.989200043079523e-05,7.951893773580444e-06,1027.7989492113718,1.0
63,2.0,138.0,47,52,67.62430408494915,False,AC,243-AL1/39-ST1A 20.0,0.7,308.3396847634115,0.0,138.0,10.819888653591864,4.016883662645979,0.0,0.00046738563721827664,0.0,False,0.0,inf,0.0,0,inf,1.0,-inf,inf,0,0.0005681521032131834,0.0002109264683178943,0.0,8.90089207518486,0.0005681521032131834,0.0002109264683178943,308.3396847634115,1.0
64,2.0,138.0,50,47,119.17844784107916,False,AC,243-AL1/39-ST1A 20.0,0.7,308.3396847634115,0.0,138.0,19.068551654572666,7.079199801760103,0.0,0.000823702299648291,0.0,False,0.0,inf,0.0,0,inf,1.0,-inf,inf,0,0.0010012892068143597,0.0003717286180298311,0.0,15.686586594502055,0.0010012892068143597,0.0003717286180298311,308.3396847634115,1.0
65,1.0,138.0,131,65,35.64515064042722,False,AC,243-AL1/39-ST1A 20.0,0.7,154.16984238170576,0.0,138.0,11.40644820493671,4.234643896082754,0.0,0.00012318079772687444,0.0,False,0.0,inf,0.0,0,inf,1.0,-inf,inf,0,0.0005989523317022007,0.00022236105314444202,0.0,2.3458551119105966,0.0005989523317022007,0.00022236105314444202,154.16984238170576,1.0
66,1.0,138.0,132,131,5.980550467845258,False,AC,243-AL1/39-ST1A 20.0,0.7,154.16984238170576,0.0,138.0,1.9137761497104826,0.7104893955800167,0.0,2.066729875562623e-05,0.0,False,0.0,inf,0.0,0,inf,1.0,-inf,inf,0,0.00010049234140466722,3.7307781746482706e-05,0.0,0.39358803750214594,0.00010049234140466722,3.7307781746482706e-05,154.16984238170576,1.0
67,1.0,138.0,51,132,33.11781807378683,False,AC,243-AL1/39-ST1A 20.0,0.7,154.16984238170576,0.0,138.0,10.597701783611786,3.934396787165875,0.0,0.00011444696335988517,0.0,False,0.0,inf,0.0,0,inf,1.0,-inf,inf,0,0.0005564850758040215,0.00020659508439224296,0.0,2.1795279702256534,0.0005564850758040215,0.00020659508439224296,154.16984238170576,1.0
69,1.0,138.0,97,50,48.34390286962548,False,AC,243-AL1/39-ST1A 20.0,0.7,154.16984238170576,0.0,138.0,15.470048918280154,5.743255660911507,0.0,0.00016706453511118133,0.0,False,0.0,inf,0.0,0,inf,1.0,-inf,inf,0,0.0008123319112728499,0.00030157822206004553,0.0,3.1815770066573372,0.0008123319112728499,0.00030157822206004553,154.16984238170576,1.0
80,1.0,138.0,3,146,84.83316082032385,False,AC,243-AL1/39-ST1A 20.0,0.7,154.16984238170576,0.0,138.0,27.146611462503635,10.078179505454473,0.0,0.000293162358295324,0.0,False,0.0,inf,0.0,0,inf,1.0,-inf,inf,0,0.001425467940690172,0.0005292049729812263,0.0,5.58298395137615,0.001425467940690172,0.0005292049729812263,154.16984238170576,1.0
81,2.0,138.0,146,24,24.288374543326125,False,AC,243-AL1/39-ST1A 20.0,0.7,308.3396847634115,0.0,138.0,3.88613992693218,1.442729447873572,0.0,0.00016786919387249154,0.0,False,0.0,inf,0.0,0,inf,1.0,-inf,inf,0,0.00020406111777631695,7.575768997445767e-05,0.0,3.1969009281077287,0.00020406111777631695,7.575768997445767e-05,308.3396847634115,1.0
82,2.0,138.0,146,271,13.892486768606089,False,AC,243-AL1/39-ST1A 20.0,0.7,308.3396847634115,0.0,138.0,2.222797882976974,0.8252137140552017,0.0,9.601797561916185e-05,0.0,False,0.0,inf,0.0,0,inf,1.0,-inf,inf,0,0.0001167190654787321,4.333195305897929e-05,0.0,1.8285663276913182,0.0001167190654787321,4.333195305897929e-05,308.3396847634115,1.0
84,1.0,138.0,38,273,9.036810588720083,False,AC,243-AL1/39-ST1A 20.0,0.7,154.16984238170576,0.0,138.0,2.8917793883904266,1.0735730979399458,0.0,3.122897553314602e-05,0.0,False,0.0,inf,0.0,0,inf,1.0,-inf,inf,0,0.000151847268871583,5.637329856857519e-05,0.0,0.5947246100532327,0.000151847268871583,5.637329856857519e-05,154.16984238170576,1.0
88,2.0,138.0,62,42,74.96892815655865,False,AC,243-AL1/39-ST1A 20.0,0.7,308.3396847634115,0.0,138.0,11.995028505049383,4.453154332499584,0.0,0.0005181480346771204,0.0,False,0.0,inf,0.0,0,inf,1.0,-inf,inf,0,0.0006298586696623285,0.00023383503111213948,0.0,9.867611172391081,0.0006298586696623285,0.00023383503111213948,308.3396847634115,1.0
90,1.0,138.0,64,277,22.914154120427202,False,AC,243-AL1/39-ST1A 20.0,0.7,154.16984238170576,0.0,138.0,7.332529318536705,2.7222015095067515,0.0,7.918563207275423e-05,0.0,False,0.0,inf,0.0,0,inf,1.0,-inf,inf,0,0.0003850309451027465,0.00014294273836939464,0.0,1.5080111771935314,0.0003850309451027465,0.00014294273836939464,154.16984238170576,1.0
91,1.0,138.0,77,38,21.353492948494388,False,AC,243-AL1/39-ST1A 20.0,0.7,154.16984238170576,0.0,138.0,6.833117743518204,2.5367949622811334,0.0,7.379237423301856e-05,0.0,False,0.0,inf,0.0,0,inf,1.0,-inf,inf,0,0.0003588068548371248,0.00013320704485828258,0.0,1.4053019748936053,0.0003588068548371248,0.00013320704485828258,154.16984238170576,1.0
93,1.0,138.0,91,278,23.62222331117186,False,AC,243-AL1/39-ST1A 20.0,0.7,154.16984238170576,0.0,138.0,7.5591114595749955,2.8063201293672173,0.0,8.163254353741859e-05,0.0,False,0.0,inf,0.0,0,inf,1.0,-inf,inf,0,0.00039692876809362506,0.0001473598051547583,0.0,1.5546101591265995,0.00039692876809362506,0.0001473598051547583,154.16984238170576,1.0
95,1.0,138.0,142,3,15.209917079986292,False,AC,243-AL1/39-ST1A 20.0,0.7,154.16984238170576,0.0,138.0,4.867173465595614,1.8069381491023715,0.0,5.256170013621434e-05,0.0,False,0.0,inf,0.0,0,inf,1.0,-inf,inf,0,0.00025557516622535257,9.488228046116212e-05,0.0,1.0009850173940658,0.00025557516622535257,9.488228046116212e-05,154.16984238170576,1.0
99,2.0,230.0,110,12,44.669154505996524,False,AC,Al/St 240/40 2-bundle 220.0,0.7,1027.7989492113718,0.0,230.0,6.722707753152476,1.3400746351798956,0.0,0.00035083071909526527,0.0,False,0.0,inf,0.0,0,inf,1.0,-inf,inf,0,0.0001270833223658313,2.5332223727408233e-05,0.0,18.558945040139534,0.0001270833223658313,2.5332223727408233e-05,1027.7989492113718,1.0
100,2.0,138.0,16,24,17.90252087284384,False,AC,243-AL1/39-ST1A 20.0,0.7,308.3396847634115,0.0,138.0,2.8644033396550146,1.0634097398469242,0.0,0.0001237333417207011,0.0,False,0.0,inf,0.0,0,inf,1.0,-inf,inf,0,0.0001504097531849934,5.5839620869928805e-05,0.0,2.356377759729032,0.0001504097531849934,5.5839620869928805e-05,308.3396847634115,1.0
101,2.0,230.0,158,197,63.08752940879147,False,AC,Al/St 240/40 2-bundle 220.0,0.7,1027.7989492113718,0.0,230.0,9.494673176023115,1.892625882263744,0.0,0.0004954882973094734,0.0,False,0.0,inf,0.0,0,inf,1.0,-inf,inf,0,0.0001794834248775636,3.577742688589308e-05,0.0,26.211330927671142,0.0001794834248775636,3.577742688589308e-05,1027.7989492113718,1.0
103,2.0,230.0,40,17,18.64708631149593,False,AC,Al/St 240/40 2-bundle 220.0,0.7,1027.7989492113718,0.0,230.0,2.806386489880137,0.5594125893448778,0.0,0.00014645387341762604,0.0,False,0.0,inf,0.0,0,inf,1.0,-inf,inf,0,5.3050784307753063e-05,1.0574907170980677e-05,0.0,7.747409903792417,5.3050784307753063e-05,1.0574907170980677e-05,1027.7989492113718,1.0
104,2.0,230.0,25,22,143.99265664037424,False,AC,Al/St 240/40 2-bundle 220.0,0.7,1027.7989492113718,0.0,230.0,21.670894824376322,4.319779699211227,0.0,0.0011309156806806931,0.0,False,0.0,inf,0.0,0,inf,1.0,-inf,inf,0,0.0004096577471526715,8.165935159189465e-05,0.0,59.82543950800867,0.0004096577471526715,8.165935159189465e-05,1027.7989492113718,1.0
105,1.0,230.0,159,279,28.828354219258582,False,AC,Al/St 240/40 2-bundle 220.0,0.7,513.8994746056859,0.0,230.0,8.677334619996833,1.729701253155515,0.0,0.00011320868228788386,0.0,False,0.0,inf,0.0,0,inf,1.0,-inf,inf,2,0.00016403279054814427,3.2697566222221456e-05,0.0,5.988739293029056,0.00016403279054814427,3.2697566222221456e-05,513.8994746056859,1.0
106,2.0,138.0,21,56,43.27148373890896,False,AC,243-AL1/39-ST1A 20.0,0.7,308.3396847634115,0.0,138.0,6.923437398225434,2.5703261340911925,0.0,0.0002990710259329905,0.0,False,0.0,inf,0.0,0,inf,1.0,-inf,inf,0,0.0003635495378190209,0.0001349677659153115,0.0,5.695508617867871,0.0003635495378190209,0.0001349677659153115,308.3396847634115,1.0
108,2.0,230.0,161,75,70.32473218790679,False,AC,Al/St 240/40 2-bundle 220.0,0.7,1027.7989492113718,0.0,230.0,10.583872194279971,2.1097419656372036,0.0,0.0005523291550179942,0.0,False,0.0,inf,0.0,0,inf,1.0,-inf,inf,1,0.0002000731983795836,3.988170067367115e-05,0.0,29.218212300451892,0.0002000731983795836,3.988170067367115e-05,1027.7989492113718,1.0
114,1.0,138.0,165,280,15.255458863969348,False,AC,243-AL1/39-ST1A 20.0,0.7,154.16984238170576,0.0,138.0,4.8817468364701915,1.8123485130395587,0.0,5.2719081243606136e-05,0.0,False,0.0,inf,0.0,0,inf,1.0,-inf,inf,0,0.0002563404135932678,9.516637854650067e-05,0.0,1.0039821832032352,0.0002563404135932678,9.516637854650067e-05,154.16984238170576,1.0
115,2.0,230.0,8,92,30.61578780215203,False,AC,Al/St 240/40 2-bundle 220.0,0.7,1027.7989492113718,0.0,230.0,4.60767606422388,0.918473634064561,0.0,0.00024045583510776206,0.0,False,0.0,inf,0.0,0,inf,1.0,-inf,inf,0,8.71016269229467e-05,1.7362450549424592e-05,0.0,12.720113677200613,8.71016269229467e-05,1.7362450549424592e-05,1027.7989492113718,1.0
116,1.0,500.0,93,257,104.140592016086,False,AC,Al/St 240/40 4-bundle 380.0,0.7,2234.345541763852,0.0,500.0,25.618585635957157,3.12421776048258,0.0,0.0004514908999691542,0.0,False,0.0,inf,0.0,0,inf,1.0,-inf,inf,0,0.00010247434254382862,1.249687104193032e-05,0.0,112.87272499228855,0.00010247434254382862,1.249687104193032e-05,2234.345541763852,1.0
117,1.0,138.0,166,55,29.071188687301582,False,AC,243-AL1/39-ST1A 20.0,0.7,154.16984238170576,0.0,138.0,9.302780379936506,3.453657216051428,0.0,0.00010046281609226428,0.0,False,0.0,inf,0.0,0,inf,1.0,-inf,inf,0,0.0004884887828154015,0.0001813514606202178,0.0,1.913213869661081,0.0004884887828154015,0.0001813514606202178,154.16984238170576,1.0
118,1.0,138.0,153,7,9.50257625615757,False,AC,243-AL1/39-ST1A 20.0,0.7,154.16984238170576,0.0,138.0,3.040824401970422,1.1289060592315192,0.0,3.283854613217356e-05,0.0,False,0.0,inf,0.0,0,inf,1.0,-inf,inf,0,0.00015967361909107445,5.92788310875614e-05,0.0,0.6253772725411133,0.00015967361909107445,5.92788310875614e-05,154.16984238170576,1.0
119,1.0,230.0,81,281,9.745240587890182,False,AC,Al/St 240/40 2-bundle 220.0,0.7,513.8994746056859,0.0,230.0,2.9333174169549445,0.5847144352734109,0.0,3.8269470297976096e-05,0.0,False,0.0,inf,0.0,0,inf,1.0,-inf,inf,0,5.545023472504621e-05,1.1053202935225159e-05,0.0,2.0244549787629356,5.545023472504621e-05,1.1053202935225159e-05,513.8994746056859,1.0
120,2.0,230.0,87,125,20.398788357659914,False,AC,Al/St 240/40 2-bundle 220.0,0.7,1027.7989492113718,0.0,230.0,3.0700176478278167,0.6119636507297974,0.0,0.00016021170911639348,0.0,False,0.0,inf,0.0,0,inf,1.0,-inf,inf,0,5.803436007235948e-05,1.1568310977878968e-05,0.0,8.475199412257215,5.803436007235948e-05,1.1568310977878968e-05,1027.7989492113718,1.0
127,1.0,500.0,93,82,150.0057196497956,False,AC,Al/St 240/40 4-bundle 380.0,0.7,2234.345541763852,0.0,500.0,36.901407033849715,4.500171589493868,0.0,0.0006503344762505822,0.0,False,0.0,inf,0.0,0,inf,1.0,-inf,inf,0,0.00014760562813539887,1.800068635797547e-05,0.0,162.58361906264554,0.00014760562813539887,1.800068635797547e-05,2234.345541763852,1.0
128,1.0,500.0,82,217,83.63605307931586,False,AC,Al/St 240/40 4-bundle 380.0,0.7,2234.345541763852,0.0,500.0,20.5744690575117,2.509081592379476,0.0,0.0003625955657023301,0.0,False,0.0,inf,0.0,0,inf,1.0,-inf,inf,0,8.22978762300468e-05,1.0036326369517903e-05,0.0,90.64889142558252,8.22978762300468e-05,1.0036326369517903e-05,2234.345541763852,1.0
131,2.0,230.0,5,92,32.79532658344069,False,AC,Al/St 240/40 2-bundle 220.0,0.7,1027.7989492113718,0.0,230.0,4.935696650807824,0.9838597975032207,0.0,0.0002575738926665383,0.0,False,0.0,inf,0.0,0,inf,1.0,-inf,inf,0,9.330239415515735e-05,1.8598483884748975e-05,0.0,13.625658922059877,9.330239415515735e-05,1.8598483884748975e-05,1027.7989492113718,1.0
137,1.0,138.0,181,102,24.501072519112224,False,AC,243-AL1/39-ST1A 20.0,0.7,154.16984238170576,0.0,138.0,7.840343206115912,2.9107274152705322,0.0,8.46696283742251e-05,0.0,False,0.0,inf,0.0,0,inf,1.0,-inf,inf,0,0.0004116962406068007,0.00015284222932527474,0.0,1.612448402758743,0.0004116962406068007,0.00015284222932527474,154.16984238170576,1.0
138,2.0,138.0,33,99,21.05327213947598,False,AC,243-AL1/39-ST1A 20.0,0.7,308.3396847634115,0.0,138.0,3.3685235423161566,1.2505643650848732,0.0,0.00014550977119228968,0.0,False,0.0,inf,0.0,0,inf,1.0,-inf,inf,0,0.0001768810933793403,6.566710591708009e-05,0.0,2.7710880825859645,0.0001768810933793403,6.566710591708009e-05,308.3396847634115,1.0
139,2.0,230.0,115,85,119.68391783860757,False,AC,Al/St 240/40 2-bundle 220.0,0.7,1027.7989492113718,0.0,230.0,18.01242963471044,3.590517535158227,0.0,0.000939995292586535,0.0,False,0.0,inf,0.0,0,inf,1.0,-inf,inf,0,0.00034049961502288166,6.7873677413199e-05,0.0,49.7257509778277,0.00034049961502288166,6.7873677413199e-05,1027.7989492113718,1.0
140,1.0,138.0,83,288,10.9045412696284,False,AC,243-AL1/39-ST1A 20.0,0.7,154.16984238170576,0.0,138.0,3.489453206281088,1.2954595028318538,0.0,3.7683389417774426e-05,0.0,False,0.0,inf,0.0,0,inf,1.0,-inf,inf,0,0.00018323110724013274,6.802454856289927e-05,0.0,0.7176424680720962,0.00018323110724013274,6.802454856289927e-05,154.16984238170576,1.0
144,2.0,230.0,84,5,82.52934016621245,False,AC,Al/St 240/40 2-bundle 220.0,0.7,1027.7989492113718,0.0,230.0,12.420665695014973,2.4758802049863733,0.0,0.0006481839219294653,0.0,False,0.0,inf,0.0,0,inf,1.0,-inf,inf,0,0.00023479519272240026,4.680302844964789e-05,0.0,34.28892947006871,0.00023479519272240026,4.680302844964789e-05,1027.7989492113718,1.0
149,2.0,138.0,86,62,80.22102435298483,False,AC,243-AL1/39-ST1A 20.0,0.7,308.3396847634115,0.0,138.0,12.835363896477572,4.765128846567299,0.0,0.000554447917695727,0.0,False,0.0,inf,0.0,0,inf,1.0,-inf,inf,0,0.0006739846616507862,0.0002502168056378544,0.0,10.558906144597426,0.0006739846616507862,0.0002502168056378544,308.3396847634115,1.0
150,2.0,230.0,85,89,129.6786284922739,False,AC,Al/St 240/40 2-bundle 220.0,0.7,1027.7989492113718,0.0,230.0,19.51663358808722,3.890358854768217,0.0,0.0010184935664973194,0.0,False,0.0,inf,0.0,0,inf,1.0,-inf,inf,0,0.00036893447236459776,7.354175528862414e-05,0.0,53.878309667708194,0.00036893447236459776,7.354175528862414e-05,1027.7989492113718,1.0
151,1.0,138.0,186,291,52.3426387145031,False,AC,243-AL1/39-ST1A 20.0,0.7,154.16984238170576,0.0,138.0,16.749644388640995,6.218305479282969,0.0,0.0001808831741804864,0.0,False,0.0,inf,0.0,0,inf,1.0,-inf,inf,3,0.0008795234398572251,0.0003265230770469948,0.0,3.444739169093183,0.0008795234398572251,0.0003265230770469948,154.16984238170576,1.0
152,2.0,230.0,100,292,26.572871482856417,False,AC,Al/St 240/40 2-bundle 220.0,0.7,1027.7989492113718,0.0,230.0,3.9992171581698908,0.7971861444856925,0.0,0.00020870284458831862,0.0,False,0.0,inf,0.0,0,inf,1.0,-inf,inf,0,7.559956820737033e-05,1.5069681370239933e-05,0.0,11.040380478722055,7.559956820737033e-05,1.5069681370239933e-05,1027.7989492113718,1.0
153,2.0,230.0,75,120,22.495104173020085,False,AC,Al/St 240/40 2-bundle 220.0,0.7,1027.7989492113718,0.0,230.0,3.3855131780395227,0.6748531251906025,0.0,0.00017667613502924252,0.0,False,0.0,inf,0.0,0,inf,1.0,-inf,inf,1,6.399835875311007e-05,1.2757147924207986e-05,0.0,9.34616754304693,6.399835875311007e-05,1.2757147924207986e-05,1027.7989492113718,1.0
154,1.0,138.0,56,177,63.15583327861918,False,AC,243-AL1/39-ST1A 20.0,0.7,154.16984238170576,0.0,138.0,20.209866649158137,7.502912993499958,0.0,0.00021825089204539696,0.0,False,0.0,inf,0.0,0,inf,1.0,-inf,inf,0,0.0010612196308106563,0.0003939777879384561,0.0,4.15636998811254,0.0010612196308106563,0.0003939777879384561,154.16984238170576,1.0
155,1.0,138.0,47,65,20.993274762981276,False,AC,243-AL1/39-ST1A 20.0,0.7,154.16984238170576,0.0,138.0,6.717847924154008,2.494001041842176,0.0,7.254754954719139e-05,0.0,False,0.0,inf,0.0,0,inf,1.0,-inf,inf,0,0.0003527540392855497,0.00013095993708476034,0.0,1.3815955335767127,0.0003527540392855497,0.00013095993708476034,154.16984238170576,1.0
163,1.0,138.0,71,73,7.823873767279658,False,AC,243-AL1/39-ST1A 20.0,0.7,154.16984238170576,0.0,138.0,2.5036396055294907,0.9294762035528235,0.0,2.703736678488964e-05,0.0,False,0.0,inf,0.0,0,inf,1.0,-inf,inf,0,0.0001314660578412881,4.8806773973578214e-05,0.0,0.5148996130514383,0.0001314660578412881,4.8806773973578214e-05,154.16984238170576,1.0
164,1.0,138.0,66,14,25.87894162108397,False,AC,243-AL1/39-ST1A 20.0,0.7,154.16984238170576,0.0,138.0,8.281261318746871,3.074418264584776,0.0,8.943120216742419e-05,0.0,False,0.0,inf,0.0,0,inf,1.0,-inf,inf,0,0.0004348488405139084,0.0001614376320407885,0.0,1.7031278140764263,0.0004348488405139084,0.0001614376320407885,154.16984238170576,1.0
165,1.0,138.0,19,95,56.05175951665348,False,AC,243-AL1/39-ST1A 20.0,0.7,154.16984238170576,0.0,138.0,17.936563045329116,6.658949030578434,0.0,0.0001937009755101304,0.0,False,0.0,inf,0.0,0,inf,1.0,-inf,inf,0,0.000941848511096887,0.00034966125974471925,0.0,3.6888413776149234,0.000941848511096887,0.00034966125974471925,154.16984238170576,1.0
166,1.0,138.0,196,55,61.93024513268042,False,AC,243-AL1/39-ST1A 20.0,0.7,154.16984238170576,0.0,138.0,19.817678442457733,7.357313121762434,0.0,0.00021401556345822823,0.0,False,0.0,inf,0.0,0,inf,1.0,-inf,inf,0,0.0010406258371380872,0.00038633234203751493,0.0,4.075712390498499,0.0010406258371380872,0.00038633234203751493,154.16984238170576,1.0
167,1.0,138.0,68,166,20.99739464114146,False,AC,243-AL1/39-ST1A 20.0,0.7,154.16984238170576,0.0,138.0,6.719166285165268,2.494490483367606,0.0,7.256178682404927e-05,0.0,False,0.0,inf,0.0,0,inf,1.0,-inf,inf,0,0.000352823266391791,0.00013098563764795242,0.0,1.3818666682771943,0.000352823266391791,0.00013098563764795242,154.16984238170576,1.0
168,2.0,230.0,85,197,9.792903274198828,False,AC,Al/St 240/40 2-bundle 220.0,0.7,1027.7989492113718,0.0,230.0,1.4738319427669235,0.2937870982259648,0.0,7.691328245884619e-05,0.0,False,0.0,inf,0.0,0,inf,1.0,-inf,inf,0,2.7860717254573224e-05,5.553631346426556e-06,0.0,4.068712642072963,2.7860717254573224e-05,5.553631346426556e-06,1027.7989492113718,1.0
169,2.0,230.0,197,85,9.881367000858402,False,AC,Al/St 240/40 2-bundle 220.0,0.7,1027.7989492113718,0.0,230.0,1.4871457336291896,0.29644101002575207,0.0,7.760807494330341e-05,0.0,False,0.0,inf,0.0,0,inf,1.0,-inf,inf,0,2.811239572077863e-05,5.60379981145089e-06,0.0,4.105467164500751,2.811239572077863e-05,5.60379981145089e-06,1027.7989492113718,1.0
170,2.0,230.0,85,294,37.372921843551055,False,AC,Al/St 240/40 2-bundle 220.0,0.7,1027.7989492113718,0.0,230.0,5.624624737454433,1.1211876553065316,0.0,0.0002935262417672138,0.0,False,0.0,inf,0.0,0,inf,1.0,-inf,inf,0,0.0001063256094036755,2.119447363528415e-05,0.0,15.52753818948561,0.0001063256094036755,2.119447363528415e-05,1027.7989492113718,1.0
171,2.0,230.0,25,40,8.755194963242511,False,AC,Al/St 240/40 2-bundle 220.0,0.7,1027.7989492113718,0.0,230.0,1.317656841967998,0.26265584889727533,0.0,6.876314044317259e-05,0.0,False,0.0,inf,0.0,0,inf,1.0,-inf,inf,0,2.4908446918109602e-05,4.965138920553409e-06,0.0,3.6375701294438296,2.4908446918109602e-05,4.965138920553409e-06,1027.7989492113718,1.0
172,2.0,138.0,145,146,21.56001115496252,False,AC,243-AL1/39-ST1A 20.0,0.7,308.3396847634115,0.0,138.0,3.4496017847940035,1.2806646626047737,0.0,0.00014901209984263735,0.0,False,0.0,inf,0.0,0,inf,1.0,-inf,inf,0,0.0001811385100185887,6.724767184440106e-05,0.0,2.837786429403186,0.0001811385100185887,6.724767184440106e-05,308.3396847634115,1.0
173,2.0,230.0,87,107,60.909212173640086,False,AC,Al/St 240/40 2-bundle 220.0,0.7,1027.7989492113718,0.0,230.0,9.166836432132833,1.8272763652092026,0.0,0.0004783798337516243,0.0,False,0.0,inf,0.0,0,inf,1.0,-inf,inf,0,0.0001732861329325677,3.454208629885071e-05,0.0,25.306293205460925,0.0001732861329325677,3.454208629885071e-05,1027.7989492113718,1.0
180,1.0,138.0,38,77,36.134560740304266,False,AC,243-AL1/39-ST1A 20.0,0.7,154.16984238170576,0.0,138.0,11.563059436897365,4.292785815948147,0.0,0.00012487207761867746,0.0,False,0.0,inf,0.0,0,inf,1.0,-inf,inf,0,0.0006071759838740477,0.00022541408401324022,0.0,2.3780638461700936,0.0006071759838740477,0.00022541408401324022,154.16984238170576,1.0
193,2.0,230.0,105,115,11.019641905114746,False,AC,Al/St 240/40 2-bundle 220.0,0.7,1027.7989492113718,0.0,230.0,1.6584561067197692,0.33058925715344234,0.0,8.65480651357468e-05,0.0,False,0.0,inf,0.0,0,inf,1.0,-inf,inf,0,3.135077706464592e-05,6.249324331823107e-06,0.0,4.578392645681006,3.135077706464592e-05,6.249324331823107e-06,1027.7989492113718,1.0
240,1.0,500.0,257,108,18.890531110443206,False,AC,Al/St 240/40 4-bundle 380.0,0.7,2234.345541763852,0.0,500.0,4.6470706531690285,0.5667159333132962,0.0,8.189796818738938e-05,0.0,False,0.0,inf,0.0,0,inf,1.0,-inf,inf,0,1.8588282612676112e-05,2.266863733253185e-06,0.0,20.474492046847345,1.8588282612676112e-05,2.266863733253185e-06,2234.345541763852,1.0
241,1.0,500.0,93,108,122.860836798463,False,AC,Al/St 240/40 4-bundle 380.0,0.7,2234.345541763852,0.0,500.0,30.2237658524219,3.68582510395389,0.0,0.0005326506091739254,0.0,False,0.0,inf,0.0,0,inf,1.0,-inf,inf,0,0.00012089506340968759,1.474330041581556e-05,0.0,133.16265229348133,0.00012089506340968759,1.474330041581556e-05,2234.345541763852,1.0
242,1.0,500.0,26,217,108.38488647446228,False,AC,Al/St 240/40 4-bundle 380.0,0.7,2234.345541763852,0.0,500.0,26.66268207271772,3.251546594233868,0.0,0.0004698916050895015,0.0,False,0.0,inf,0.0,0,inf,1.0,-inf,inf,0,0.00010665072829087088,1.3006186376935473e-05,0.0,117.47290127237538,0.00010665072829087088,1.3006186376935473e-05,2234.345541763852,1.0
243,2.0,230.0,197,32,15.53781387962758,False,AC,Al/St 240/40 2-bundle 220.0,0.7,1027.7989492113718,0.0,230.0,2.3384409888839506,0.46613441638882736,0.0,0.00012203370484270883,0.0,False,0.0,inf,0.0,0,inf,1.0,-inf,inf,0,4.4204933627295854e-05,8.811614676537379e-06,0.0,6.455582986179297,4.4204933627295854e-05,8.811614676537379e-06,1027.7989492113718,1.0
244,2.0,230.0,197,53,31.6116786277143,False,AC,Al/St 240/40 2-bundle 220.0,0.7,1027.7989492113718,0.0,230.0,4.757557633471002,0.948350358831429,0.0,0.00024827754336117185,0.0,False,0.0,inf,0.0,0,inf,1.0,-inf,inf,0,8.99349269087146e-05,1.7927227955225503e-05,0.0,13.133882043805992,8.99349269087146e-05,1.7927227955225503e-05,1027.7989492113718,1.0
245,1.0,230.0,103,115,25.234474480443552,False,AC,Al/St 240/40 2-bundle 220.0,0.7,513.8994746056859,0.0,230.0,7.595576818613509,1.514068468826613,0.0,9.909554955620073e-05,0.0,False,0.0,inf,0.0,0,inf,1.0,-inf,inf,0,0.0001435836827715219,2.862133211392463e-05,0.0,5.2421545715230184,0.0001435836827715219,2.862133211392463e-05,513.8994746056859,1.0
246,2.0,230.0,87,81,17.897099500489002,False,AC,Al/St 240/40 2-bundle 220.0,0.7,1027.7989492113718,0.0,230.0,2.693513474823595,0.53691298501467,0.0,0.00014056349077825453,0.0,False,0.0,inf,0.0,0,inf,1.0,-inf,inf,0,5.091707891916058e-05,1.0149583837706427e-05,0.0,7.435808662169665,5.091707891916058e-05,1.0149583837706427e-05,1027.7989492113718,1.0
801,2.0,138.0,181,277,6.026806005694929,False,AC,243-AL1/39-ST1A 20.0,0.7,308.3396847634115,0.0,,0.9642889609111887,0.35799227673827877,0.0,4.1654292838624475e-05,0.0,False,0.0,inf,0.0,0,inf,1.0,-inf,inf,0,5.063479105813845e-05,1.87981661803339e-05,0.0,0.7932643528187645,5.063479105813845e-05,1.87981661803339e-05,308.3396847634115,1.0
802,2.0,138.0,280,91,9.669560426911428,False,AC,243-AL1/39-ST1A 20.0,0.7,308.3396847634115,0.0,,1.5471296683058284,0.5743718893585388,0.0,6.683120400138055e-05,0.0,False,0.0,inf,0.0,0,inf,1.0,-inf,inf,0,8.123974313725207e-05,3.016025463970483e-05,0.0,1.2727334490022912,8.123974313725207e-05,3.016025463970483e-05,308.3396847634115,1.0
803,2.0,138.0,60,102,31.39793991837777,False,AC,243-AL1/39-ST1A 20.0,0.7,308.3396847634115,0.0,,5.023670386940443,1.8650376311516395,0.0,0.0002170069822479445,0.0,False,0.0,inf,0.0,0,inf,1.0,-inf,inf,0,0.00026379281594940364,9.79330829212161e-05,0.0,4.132680969929855,0.00026379281594940364,9.79330829212161e-05,308.3396847634115,1.0
804,2.0,138.0,278,256,20.571131761478902,False,AC,243-AL1/39-ST1A 20.0,0.7,308.3396847634115,0.0,,3.2913810818366245,1.2219252266318468,0.0,0.0001421774561193575,0.0,False,0.0,inf,0.0,0,inf,1.0,-inf,inf,0,0.00017283034456188956,6.416326541860149e-05,0.0,2.7076274743370443,0.00017283034456188956,6.416326541860149e-05,308.3396847634115,1.0
805,2.0,138.0,24,64,52.921139856807685,False,AC,243-AL1/39-ST1A 20.0,0.7,308.3396847634115,0.0,,8.46738237708923,3.1435157074943767,0.0,0.00036576466122623905,0.0,False,0.0,inf,0.0,0,inf,1.0,-inf,inf,0,0.00044462205298725216,0.00016506593717151736,0.0,6.965622208392497,0.00044462205298725216,0.00016506593717151736,308.3396847634115,1.0
