Name,Bus,v_nom,symbol,under_construction,tag_substation,tag_area,lon,lat,country,substation_lv,x,y,substation_off,v_nom_raw,type,carrier,unit,v_mag_pu_set,v_mag_pu_min,v_mag_pu_max,control,generator,sub_network,Year
Huayquichuma69,700,69,substation,True,transmission,0,-79.610905,-3.687303,EC,False,-79.610905,-3.687303,True,69,,AC,,1,0,inf,PQ,,,2023
Minas_de_Huascachaca69,699,69,substation,True,transmission,0,-79.2396,-3.6223,EC,False,-79.2396,-3.6223,True,69,,AC,,1,0,inf,PQ,,,2023
Sarapullo69,698,69,substation,True,transmission,0,-78.651691,-0.498477,EC,False,-78.651691,-0.498477,True,69,,AC,,1,0,inf,PQ,,,2023
Alluriquin138,701,138,substation,True,transmission,0,-78.651691,-0.498477,EC,False,-78.651691,-0.498477,True,138,,AC,,1,0,inf,PQ,,,2024
Bloque_1_de_generacion_firme_400_MW230,766,230,substation,True,transmission,0,-79.8296713,-3.2413487,EC,False,-79.8296713,-3.2413487,True,230,,AC,,1,0,inf,PQ,,,2024
Cajas69,725,69,substation,True,transmission,0,-78.12,0.35,EC,False,-78.12,0.35,True,69,,AC,,1,0,inf,PQ,,,2025
Chorrillos69,704,69,substation,True,transmission,0,-79.916067,-2.1637,EC,False,-79.916067,-2.1637,True,69,,AC,,1,0,inf,PQ,,,2025
El_Aromo138,702,138,substation,True,transmission,0,-80.822217,-1.032177,EC,False,-80.822217,-1.032177,True,138,,AC,,1,0,inf,PQ,,,2025
LaAvanzada138,727,138,substation,True,transmission,0,-79.9,-3.25,EC,False,-79.9,-3.25,True,138,,AC,,1,0,inf,PQ,,,2025
Villonaco_III138,703,138,substation,True,transmission,0,-79.201666,-4.058888,EC,False,-79.201666,-4.058888,True,138,,AC,,1,0,inf,PQ,,,2025
Bloque_2_de_generacion_firme_300_MW230,767,230,substation,True,transmission,0,-79.838047,-2.169728,EC,False,-79.838047,-2.169728,True,230,,AC,,1,0,inf,PQ,,,2025
Cajas230,724,230,substation,True,transmission,0,-78.12,0.35,EC,False,-78.12,0.35,True,230,,AC,,1,0,inf,PQ,,,2025
LaAvanzada230,726,230,substation,True,transmission,0,-79.9,-3.25,EC,False,-79.9,-3.25,True,230,,AC,,1,0,inf,PQ,,,2025
Ambi69,750,69,substation,True,transmission,0,-78.2167,0.3327,EC,False,-78.2167,0.3327,True,69,,AC,,1,0,inf,PQ,,,2026
Aroma_Santo_Solar69,748,69,substation,True,transmission,0,-79.7911481,-4.3289128,EC,False,-79.7911481,-4.3289128,True,69,,AC,,1,0,inf,PQ,,,2026
Bloque_1_ERNC_Eolico_45_MW69,753,69,substation,True,transmission,0,-78.966667,-2.466667,EC,False,-78.966667,-2.466667,True,69,,AC,,1,0,inf,PQ,,,2026
El_Salto69,705,69,substation,True,transmission,0,-79.973803,-3.261109,EC,False,-79.973803,-3.261109,True,69,,AC,,1,0,inf,PQ,,,2026
Imbabura_Solar69,751,69,substation,True,transmission,0,-78.1173588,0.3478421,EC,False,-78.1173588,0.3478421,True,69,,AC,,1,0,inf,PQ,,,2026
Intiyana_Solar69,752,69,substation,True,transmission,0,-78.2069,0.5973,EC,False,-78.2069,0.5973,True,69,,AC,,1,0,inf,PQ,,,2026
LasOrquideas69,719,69,substation,True,transmission,0,-79.8,-2.133,EC,False,-79.8,-2.133,True,69,,AC,,1,0,inf,PQ,,,2026
Mazar_Dudas_Dudas69,740,69,substation,True,transmission,0,-78.7008934,-2.6317292,EC,False,-78.7008934,-2.6317292,True,69,,AC,,1,0,inf,PQ,,,2026
Mazar_Dudas_San_Antonio69,739,69,substation,True,transmission,0,-78.7008934,-2.6317292,EC,False,-78.7008934,-2.6317292,True,69,,AC,,1,0,inf,PQ,,,2026
Nariapura69,749,69,substation,True,transmission,0,-78.1173588,0.3478421,EC,False,-78.1173588,0.3478421,True,69,,AC,,1,0,inf,PQ,,,2026
Soldados_Yanuncay_Central_Soldados69,741,69,substation,True,transmission,0,-79.0045,-2.9006,EC,False,-79.0045,-2.9006,True,69,,AC,,1,0,inf,PQ,,,2026
Soldados_Yanuncay_Central_Yanuncay69,742,69,substation,True,transmission,0,-79.0045,-2.9006,EC,False,-79.0045,-2.9006,True,69,,AC,,1,0,inf,PQ,,,2026
Urcuqui69,711,69,substation,True,transmission,0,-78.2069,0.5973,EC,False,-78.2069,0.5973,True,69,,AC,,1,0,inf,PQ,,,2026
lbarra_Fugua69,706,69,substation,True,transmission,0,-78.133128,0.388304,EC,False,-78.133128,0.388304,True,69,,AC,,1,0,inf,PQ,,,2026
Machala_Gas_Tercera_Uniriad138,738,138,substation,True,transmission,0,-79.8296713,-3.2413487,EC,False,-79.8296713,-3.2413487,True,138,,AC,,1,0,inf,PQ,,,2026
NuevaMacas138,729,138,substation,True,transmission,0,-78.11,-2.31,EC,False,-78.11,-2.31,True,138,,AC,,1,0,inf,PQ,,,2026
Bomboiza230,513,230,substation,True,transmission,0,-78.746,-3.317,EC,False,-78.746,-3.317,True,230,,AC,,1,0,inf,PQ,,,2026
Cumbaratza230,512,230,substation,True,transmission,0,-78.969,-3.989,EC,False,-78.969,-3.989,True,230,,AC,,1,0,inf,PQ,,,2026
Delsitanisagua230,511,230,substation,True,transmission,0,-78.505,-3.598,EC,False,-78.505,-3.598,True,230,,AC,,1,0,inf,PQ,,,2026
LasOrquideas230,505,230,substation,True,transmission,0,-79.8,-2.133,EC,False,-79.8,-2.133,True,230,,AC,,1,0,inf,PQ,,,2026
NuevaMacas230,728,230,substation,True,transmission,0,-78.11,-2.31,EC,False,-78.11,-2.31,True,230,,AC,,1,0,inf,PQ,,,2026
NuevaProsperina230,730,230,substation,True,transmission,0,-79.93,-2.11,EC,False,-79.93,-2.11,True,230,,AC,,1,0,inf,PQ,,,2026
Ambi_B269,757,69,substation,True,transmission,0,-78.2167,0.3327,EC,False,-78.2167,0.3327,True,69,,AC,,1,0,inf,PQ,,,2027
Aroma_Santo_Solar_B269,754,69,substation,True,transmission,0,-79.7911481,-4.3289128,EC,False,-79.7911481,-4.3289128,True,69,,AC,,1,0,inf,PQ,,,2027
El_Rosario69,712,69,substation,True,transmission,0,-78.5,-2.8333,EC,False,-78.5,-2.8333,True,69,,AC,,1,0,inf,PQ,,,2027
Imbabura_Solar_B269,758,69,substation,True,transmission,0,-78.1173588,0.3478421,EC,False,-78.1173588,0.3478421,True,69,,AC,,1,0,inf,PQ,,,2027
Intiyana_Solar_B269,759,69,substation,True,transmission,0,-78.2069,0.5973,EC,False,-78.2069,0.5973,True,69,,AC,,1,0,inf,PQ,,,2027
La_Magdalena69,708,69,substation,True,transmission,0,-78.020833,-0.149167,EC,False,-78.020833,-0.149167,True,69,,AC,,1,0,inf,PQ,,,2027
LasBrisas69,734,69,substation,True,transmission,0,-79.9,-2.15,EC,False,-79.9,-2.15,True,69,,AC,,1,0,inf,PQ,,,2027
Maravilla69,707,69,substation,True,transmission,0,-77.7763,-0.8167,EC,False,-77.7763,-0.8167,True,69,,AC,,1,0,inf,PQ,,,2027
Nariapura_B269,755,69,substation,True,transmission,0,-78.1173588,0.3478421,EC,False,-78.1173588,0.3478421,True,69,,AC,,1,0,inf,PQ,,,2027
Palestina69,722,69,substation,True,transmission,0,-79.79,-1.96,EC,False,-79.79,-1.96,True,69,,AC,,1,0,inf,PQ,,,2027
SanJuandeManta69,723,69,substation,True,transmission,0,-80.708,-0.947,EC,False,-80.708,-0.947,True,69,,AC,,1,0,inf,PQ,,,2027
San_Jacinto69,714,69,substation,True,transmission,0,-79.25,-0.25,EC,False,-79.25,-0.25,True,69,,AC,,1,0,inf,PQ,,,2027
Santa_Rosa69,713,69,substation,True,transmission,0,-78.3833,-2.8,EC,False,-78.3833,-2.8,True,69,,AC,,1,0,inf,PQ,,,2027
Urcuqui_B269,756,69,substation,True,transmission,0,-78.2069,0.5973,EC,False,-78.2069,0.5973,True,69,,AC,,1,0,inf,PQ,,,2027
DuranNorte138,732,138,substation,True,transmission,0,-79.83,-2.16,EC,False,-79.83,-2.16,True,138,,AC,,1,0,inf,PQ,,,2027
LagoChongon138,515,138,substation,True,transmission,0,-80.1,-2.23,EC,False,-80.1,-2.23,True,138,,AC,,1,0,inf,PQ,,,2027
LasEsclusas138,720,138,substation,True,transmission,0,-79.899,-2.239,EC,False,-79.899,-2.239,True,138,,AC,,1,0,inf,PQ,,,2027
Machala_Gas_Ciclo_Combinado138,743,138,substation,True,transmission,0,-79.8296713,-3.2413487,EC,False,-79.8296713,-3.2413487,True,138,,AC,,1,0,inf,PQ,,,2027
Posorja138,735,138,substation,True,transmission,0,-80.23,-2.71,EC,False,-80.23,-2.71,True,138,,AC,,1,0,inf,PQ,,,2027
SanGregorio138,507,138,substation,True,transmission,0,-79.96,-1.41,EC,False,-79.96,-1.41,True,138,,AC,,1,0,inf,PQ,,,2027
SanIdelfonso138,721,138,substation,True,transmission,0,-79.58,-1.02,EC,False,-79.58,-1.02,True,138,,AC,,1,0,inf,PQ,,,2027
DuranNorte230,731,230,substation,True,transmission,0,-79.83,-2.16,EC,False,-79.83,-2.16,True,230,,AC,,1,0,inf,PQ,,,2027
LasBrisas230,733,230,substation,True,transmission,0,-79.9,-2.15,EC,False,-79.9,-2.15,True,230,,AC,,1,0,inf,PQ,,,2027
LasEsclusas230,504,230,substation,True,transmission,0,-79.899,-2.239,EC,False,-79.899,-2.239,True,230,,AC,,1,0,inf,PQ,,,2027
MazarFlotante230,737,230,substation,True,transmission,0,-78.75,-2.78,EC,False,-78.75,-2.78,True,230,,AC,,1,0,inf,PQ,,,2027
Palestina230,509,230,substation,True,transmission,0,-79.79,-1.96,EC,False,-79.79,-1.96,True,230,,AC,,1,0,inf,PQ,,,2027
SanIdelfonso230,508,230,substation,True,transmission,0,-79.58,-1.02,EC,False,-79.58,-1.02,True,230,,AC,,1,0,inf,PQ,,,2027
SanJuandeManta230,516,230,substation,True,transmission,0,-80.708,-0.947,EC,False,-80.708,-0.947,True,230,,AC,,1,0,inf,PQ,,,2027
Urcuqui230,736,230,substation,True,transmission,0,-78.2069,0.5973,EC,False,-78.2069,0.5973,True,230,,AC,,1,0,inf,PQ,,,2027
Ambi_B369,763,69,substation,True,transmission,0,-78.2167,0.3327,EC,False,-78.2167,0.3327,True,69,,AC,,1,0,inf,PQ,,,2028
Aroma_Santo_Solar_B369,760,69,substation,True,transmission,0,-79.7911481,-4.3289128,EC,False,-79.7911481,-4.3289128,True,69,,AC,,1,0,inf,PQ,,,2028
Imbabura_Solar_B369,764,69,substation,True,transmission,0,-78.1173588,0.3478421,EC,False,-78.1173588,0.3478421,True,69,,AC,,1,0,inf,PQ,,,2028
Intiyana_Solar_B369,765,69,substation,True,transmission,0,-78.2069,0.5973,EC,False,-78.2069,0.5973,True,69,,AC,,1,0,inf,PQ,,,2028
Nariapura_B369,761,69,substation,True,transmission,0,-78.1173588,0.3478421,EC,False,-78.1173588,0.3478421,True,69,,AC,,1,0,inf,PQ,,,2028
Quijos69,745,69,substation,True,transmission,0,-78.5234313,-0.2222967,EC,False,-78.5234313,-0.2222967,True,69,,AC,,1,0,inf,PQ,,,2028
Urcuqui_B369,762,69,substation,True,transmission,0,-78.2069,0.5973,EC,False,-78.2069,0.5973,True,69,,AC,,1,0,inf,PQ,,,2028
Bloque_2_ERNC_Biomasa_30_MW138,768,138,substation,True,transmission,0,-79.4663323,-1.0243508,EC,False,-79.4663323,-1.0243508,True,138,,AC,,1,0,inf,PQ,,,2028
Bloque_2_ERNC_Hidroelectrico_200_MW138,717,138,substation,True,transmission,0,-78.4885,0.5036,EC,False,-78.4885,0.5036,True,138,,AC,,1,0,inf,PQ,,,2028
Bloque_3_ERNC_Eolico_Villonaco_II138,744,138,substation,True,transmission,0,-79.8053425,-4.0528506,EC,False,-79.8053425,-4.0528506,True,138,,AC,,1,0,inf,PQ,,,2028
Bloque_2_ERNC_Eolico_300_MW230,716,230,substation,True,transmission,0,-80.0636,-4.0596,EC,False,-80.0636,-4.0596,True,230,,AC,,1,0,inf,PQ,,,2028
Bloque_de_Ciclo_Combinado_I_400_MW230,715,230,substation,True,transmission,0,-79.867001,-2.4396,EC,False,-79.867001,-2.4396,True,230,,AC,,1,0,inf,PQ,,,2028
Chachimbiro138,746,138,substation,True,transmission,0,-78.1932194,0.4201139,EC,False,-78.1932194,0.4201139,True,138,,AC,,1,0,inf,PQ,,,2029
Bloque_3_ERNC_Hidroelectrico_250_MW138,769,138,substation,True,transmission,0,-78.1079763,-1.4574523,EC,False,-78.1079763,-1.4574523,True,138,,AC,,1,0,inf,PQ,,,2030
Paute_Cardenillo230,709,230,substation,True,transmission,0,-78.281772,-3.793905,EC,False,-78.281772,-3.793905,True,230,,AC,,1,0,inf,PQ,,,2030
Pasaje500,502,500,substation,True,transmission,0,-79.806,-3.326,EC,False,-79.806,-3.326,True,500,,AC,,1,0,inf,PQ,,,2031
Santiago500,503,500,substation,True,transmission,0,-78.97,-4.04,EC,False,-78.97,-4.04,True,500,,AC,,1,0,inf,PQ,,,2031
Santiago_081_Fase_I500,710,500,substation,True,transmission,0,-78.00558,-3.04743,EC,False,-78.00558,-3.04743,True,500,,AC,,1,0,inf,PQ,,,2031
Taday500,501,500,substation,True,transmission,0,-78.78,-2.78,EC,False,-78.78,-2.78,True,500,,AC,,1,0,inf,PQ,,,2031
Santiago_081_Fase_ll500,747,500,substation,True,transmission,0,-78.00558,-3.04743,EC,False,-78.00558,-3.04743,True,500,,AC,,1,0,inf,PQ,,,2032
Bloque_Nuclear_1_400_MW500,718,500,substation,True,transmission,0,-79.80132,-3.32451,EC,False,-79.80132,-3.32451,True,500,,AC,,1,0,inf,PQ,,,2035
Bloque_Nuclear_2_400_MW500,770,500,substation,True,transmission,0,-78.6696576,-1.3478776,EC,False,-78.6696576,-1.3478776,True,138,,AC,,1,0,inf,PQ,,,2040
Bloque_Nuclear_3_400_MW500,771,500,substation,True,transmission,0,-79.887726,-2.1899066,EC,False,-79.887726,-2.1899066,True,138,,AC,,1,0,inf,PQ,,,2045
