Name,Fueltype,Technology,Set,Country,Capacity,Efficiency,Duration,Volume_Mm3,DamHeight_m,StorageCapacity_MWh,DateIn,DateRetrofit,DateOut,lat,lon,EIC,projectID
Abanico,Hidraulica,Pasada,S.N.I.,Ecuador,37.99,,,,,,2000,,,-2.4303097,-77.880192,,
Agoyan,Hidraulica,Embalse,S.N.I.,Ecuador,156.0,,,,,,2000,,,-1.3319157,-78.2625285,,
Aguajal,Termica,MCI,No_Incorporado,Ecuador,2.02,,,,,,2000,,,-0.2611097,-76.9080096,,
Aguarico,Termica,MCI,No_Incorporado,Ecuador,11.7,,,,,,2000,,,-0.2886094,-76.5906632,,
Alao,Hidraulica,Pasada,S.N.I.,Ecuador,10.0,,,,,,2000,,,-1.6731483,-78.6486465,,
Alazan,Hidraulica,Pasada,S.N.I.,Ecuador,6.23,,,,,,2000,,,-2.6317292,-78.7008934,,
Altgenotec,Fotovoltaica,Fotovoltaica,S.N.I.,Ecuador,0.99,,,,,,2000,,,-2.1899066,-79.887726,,
Alvaro_Tinajero,Termica,Turbogas,S.N.I.,Ecuador,64.0,,,,,,2000,,,-2.1899066,-79.887726,,
Amazonas,Termica,MCI,No_Incorporado,Ecuador,6.14,,,,,,2000,,,0.0854,-76.8915,,
Ambi,Hidraulica,Pasada,S.N.I.,Ecuador,7.85,,,,,,2000,,,0.3327,-78.2167,,
Anaconda,Termica,MCI,No_Incorporado,Ecuador,0.98,,,,,,2000,,,-0.78618,-76.4803184,,
Angamarca,Hidraulica,Pasada,No_Incorporado,Ecuador,0.26,,,,,,2000,,,-1.0077047,-78.8559205,,
Angel_Norte,Termica,MCI,No_Incorporado,Ecuador,0.35,,,,,,2000,,,-0.2611097,-76.9080096,,
Anibal_Santos_(Gas),Termica,Turbogas,S.N.I.,Ecuador,97.0,,,,,,2000,,,-2.1899066,-79.887726,,
Anibal_Santos_(Vapor),Termica,Turbovapor,S.N.I.,Ecuador,20.0,,,,,,2000,,,-2.1899066,-79.887726,,
Araza,Termica,MCI,No_Incorporado,Ecuador,0.82,,,,,,2000,,,-0.2886094,-76.5906632,,
Arcolands_Shushufindi,Termica,MCI,No_Incorporado,Ecuador,8.14,,,,,,2000,,,-0.2886094,-76.5906632,,
Atuntaqui,Hidraulica,Pasada,S.N.I.,Ecuador,0.32,,,,,,2000,,,0.3327,-78.2167,,
Auca,Termica,MCI,No_Incorporado,Ecuador,11.39,,,,,,2000,,,-0.78618,-76.4803184,,
Auca_51,Termica,MCI,No_Incorporado,Ecuador,4.23,,,,,,2000,,,-0.78618,-76.4803184,,
Auca_Central,Termica,MCI,No_Incorporado,Ecuador,2.04,,,,,,2000,,,-0.78618,-76.4803184,,
Auca_Sur,Termica,MCI,No_Incorporado,Ecuador,18.98,,,,,,2000,,,-0.78618,-76.4803184,,
Baba,Hidraulica,Embalse,S.N.I.,Ecuador,42.0,,,,,,2000,,,-0.7482926,-79.5297122,,
Baltra_Eolico,Eolica,Eolica,No_Incorporado,Ecuador,2.25,,,,,,2000,,,-0.6663,-90.3333,,
Baltra_Solar,Fotovoltaica,Fotovoltaica,No_Incorporado,Ecuador,0.07,,,,,,2000,,,-0.6663,-90.3333,,
Bermejo_Este,Termica,MCI,No_Incorporado,Ecuador,0.15,,,,,,2000,,,0.0807,-77.5649,,
Bermejo_Sur_1008,Termica,MCI,No_Incorporado,Ecuador,1.06,,,,,,2000,,,0.0807,-77.5649,,
Bermejo_Sur_12,Termica,MCI,No_Incorporado,Ecuador,0.86,,,,,,2000,,,0.0807,-77.5649,,
Brineforcorp,Fotovoltaica,Fotovoltaica,S.N.I.,Ecuador,1.0,,,,,,2000,,,-0.4373946,-80.3761409,,
Buenos_Aires,Hidraulica,Pasada,S.N.I.,Ecuador,0.95,,,,,,2000,,,0.5973,-78.2069,,
Calope,Hidraulica,Pasada,S.N.I.,Ecuador,15.0,,,,,,2000,,,-0.7841909,-79.1010573,,
Cami,Termica,MCI,No_Incorporado,Ecuador,0.04,,,,,,2000,,,-0.78618,-76.4803184,,
Carcelen,Hidraulica,Pasada,No_Incorporado,Ecuador,0.06,,,,,,2000,,,-0.215492,-78.5013648,,
Carlos_Mora,Hidraulica,Pasada,S.N.I.,Ecuador,2.4,,,,,,2000,,,-4.0042008,-78.9577754,,
Catamayo,Termica,MCI,S.N.I.,Ecuador,17.17,,,,,,2000,,,-3.987,-79.3592,,
Catazacon,Hidraulica,Pasada,No_Incorporado,Ecuador,0.76,,,,,,2000,,,-1.1007381,-79.1641109,,
Cayagama,Termica,MCI,No_Incorporado,Ecuador,3.36,,,,,,2000,,,0.1116857,-77.6398817,,
CDP,Termica,MCI,No_Incorporado,Ecuador,0.33,,,,,,2000,,,-0.78618,-76.4803184,,
Cedros,Termica,MCI,No_Incorporado,Ecuador,0.45,,,,,,2000,,,-0.78618,-76.4803184,,
CELEC_Sacha,Termica,MCI,No_Incorporado,Ecuador,11.2,,,,,,2000,,,-0.2611097,-76.9080096,,
Celso_Castellanos,Termica,MCI,S.N.I.,Ecuador,7.2,,,,,,2000,,,0.0854,-76.8915,,
Central_de_Procesos_Tiputini,Termica,MCI,No_Incorporado,Ecuador,4.42,,,,,,2000,,,-0.78618,-76.4803184,,
Chiquilpe,Termica,MCI,No_Incorporado,Ecuador,0.16,,,,,,2000,,,-0.215492,-78.5013648,,
Chorongo_A,Termica,MCI,No_Incorporado,Ecuador,0.3,,,,,,2000,,,-0.2655114,-75.8920692,,
Coca,Termica,MCI,No_Incorporado,Ecuador,7.67,,,,,,2000,,,-0.78618,-76.4803184,,
Coca_Codo_Sinclair,Hidraulica,Pasada,S.N.I.,Ecuador,1476.0,,,,,,2000,,,-0.3386642,-77.809851,,
Concordia,Termica,MCI,No_Incorporado,Ecuador,0.31,,,,,,2000,,,-0.78618,-76.4803184,,
Cononaco,Termica,MCI,No_Incorporado,Ecuador,10.53,,,,,,2000,,,-1.3537363,-76.8441101,,
Corazon,Hidraulica,Pasada,S.N.I.,Ecuador,0.98,,,,,,2000,,,-0.4984774,-78.6516915,,
CPF,Termica,MCI,No_Incorporado,Ecuador,36.23,,,,,,2000,,,-1.916667,-77.0,,
CPF_2,Termica,MCI,No_Incorporado,Ecuador,26.59,,,,,,2000,,,-0.2886094,-76.5906632,,
CPH,Termica,MCI,No_Incorporado,Ecuador,1.27,,,,,,2000,,,-0.78618,-76.4803184,,
Cumbaya,Hidraulica,Pasada,S.N.I.,Ecuador,40.0,,,,,,2000,,,-0.215492,-78.5013648,,
Cuyabeno,Termica,MCI,No_Incorporado,Ecuador,14.09,,,,,,2000,,,0.0854,-76.8915,,
CUYABENO_E,Termica,MCI,No_Incorporado,Ecuador,2.74,,,,,,2000,,,-0.2655114,-75.8920692,,
Dayuma,Termica,MCI,S.N.I.,Ecuador,1.8,,,,,,2000,,,-0.78618,-76.4803184,,
Delsitanisagua_0,Hidraulica,Pasada,S.N.I.,Ecuador,180.0,,,,,,2000,,,-4.0042008,-78.9577754,,
Dorine_Battery,Termica,MCI,No_Incorporado,Ecuador,5.4,,,,,,2000,,,-0.2655114,-75.8920692,,
Dorine_G,Termica,MCI,No_Incorporado,Ecuador,0.27,,,,,,2000,,,-0.2655114,-75.8920692,,
Dorine_H,Termica,MCI,No_Incorporado,Ecuador,0.75,,,,,,2000,,,-0.2655114,-75.8920692,,
Due,Hidraulica,Pasada,S.N.I.,Ecuador,49.71,,,,,,2000,,,0.1116857,-77.6398817,,
Dumbique,Termica,MCI,No_Incorporado,Ecuador,2.6,,,,,,2000,,,-0.78618,-76.4803184,,
Ecoelectric,Biomasa,Turbovapor,S.N.I.,Ecuador,35.2,,,,,,2000,,,-2.1171796,-79.5566606,,
Ecudos_A-G,Biomasa,Turbovapor,S.N.I.,Ecuador,27.6,,,,,,2000,,,-2.4239,-79.3367,,
El_Carmen,Hidraulica,Pasada,S.N.I.,Ecuador,8.2,,,,,,2000,,,-0.215492,-78.5013648,,
El_Descanso,Termica,MCI,S.N.I.,Ecuador,17.2,,,,,,2000,,,-2.6317292,-78.7008934,,
El_Estado,Hidraulica,Pasada,No_Incorporado,Ecuador,1.66,,,,,,2000,,,-1.0077047,-78.8559205,,
El_Inga,Biogas,MCI,S.N.I.,Ecuador,5.5,,,,,,2000,,,-0.215492,-78.5013648,,
Electrisol,Fotovoltaica,Fotovoltaica,S.N.I.,Ecuador,1.0,,,,,,2000,,,-0.2149977,-78.4968845,,
Electrocordova,Hidraulica,Pasada,S.N.I.,Ecuador,0.2,,,,,,2000,,,0.3955234,-78.4507013,,
Enersol,Fotovoltaica,Fotovoltaica,S.N.I.,Ecuador,0.49,,,,,,2000,,,-0.9739097,-80.6020847,,
Enrique_Garcia,Termica,Turbogas,S.N.I.,Ecuador,96.0,,,,,,2000,,,-2.1899066,-79.887726,,
EPF-Eden_Yuturi,Termica,MCI,No_Incorporado,Ecuador,85.51,,,,,,2000,,,-0.78618,-76.4803184,,
Esmeraldas_I,Termica,Turbovapor,S.N.I.,Ecuador,125.0,,,,,,2000,,,0.7343619,-79.3858867,,
Esmeraldas_II,Termica,MCI,S.N.I.,Ecuador,84.0,,,,,,2000,,,0.7343619,-79.3858867,,
Espejo,Hidraulica,Pasada,S.N.I.,Ecuador,0.4,,,,,,2000,,,0.6541,-77.9453,,
Estacion_CFE,Termica,MCI,No_Incorporado,Ecuador,0.12,,,,,,2000,,,0.0667,-75.9333,,
Estacion_Dayuma,Termica,MCI,No_Incorporado,Ecuador,0.13,,,,,,2000,,,-0.78618,-76.4803184,,
Estacion_ENO,Termica,MCI,No_Incorporado,Ecuador,0.58,,,,,,2000,,,0.0854,-76.8915,,
Estacion_Mira,Termica,MCI,No_Incorporado,Ecuador,0.17,,,,,,2000,,,0.0667,-75.9333,,
Estacion_Norte,Termica,MCI,No_Incorporado,Ecuador,0.29,,,,,,2000,,,0.0807,-77.5649,,
Estacion_Ocano,Termica,MCI,No_Incorporado,Ecuador,0.61,,,,,,2000,,,0.0667,-75.9333,,
Estacion_Pena_Blanca,Termica,MCI,No_Incorporado,Ecuador,0.46,,,,,,2000,,,0.0667,-75.9333,,
Estacion_Rayo,Termica,MCI,No_Incorporado,Ecuador,0.72,,,,,,2000,,,0.0807,-77.5649,,
Estacion_Ron,Termica,MCI,No_Incorporado,Ecuador,0.22,,,,,,2000,,,0.0854,-76.8915,,
Estacion_Sur,Termica,MCI,No_Incorporado,Ecuador,1.15,,,,,,2000,,,0.0807,-77.5649,,
Fabrica_Imbabura,Hidraulica,Pasada,S.N.I.,Ecuador,0.61,,,,,,2000,,,0.3327,-78.2167,,
Fanny_50,Termica,MCI,No_Incorporado,Ecuador,0.5,,,,,,2000,,,-0.2655114,-75.8920692,,
Floreana,Termica,MCI,No_Incorporado,Ecuador,0.24,,,,,,2000,,,-0.9151226,-89.5662955,,
Floreana_Perla_Solar,Fotovoltaica,Fotovoltaica,No_Incorporado,Ecuador,0.02,,,,,,2000,,,-0.9151226,-89.5662955,,
Floreana_Solar_Aislados,Fotovoltaica,Fotovoltaica,No_Incorporado,Ecuador,0.01,,,,,,2000,,,-0.9151226,-89.5662955,,
Frontera,Termica,MCI,No_Incorporado,Ecuador,1.76,,,,,,2000,,,0.0854,-76.8915,,
Gacela,Termica,MCI,No_Incorporado,Ecuador,3.82,,,,,,2000,,,-0.78618,-76.4803184,,
Generoca,Termica,MCI,S.N.I.,Ecuador,34.4,,,,,,2000,,,-2.1899066,-79.887726,,
Genrenotec,Fotovoltaica,Fotovoltaica,S.N.I.,Ecuador,0.99,,,,,,2000,,,-2.1899066,-79.887726,,
Geppert,Hidraulica,Pasada,S.N.I.,Ecuador,1.65,,,,,,2000,,,-0.0038813,-78.0481801,,
Gonzalo_Zevallos_(Gas),Termica,Turbogas,S.N.I.,Ecuador,20.0,,,,,,2000,,,-2.1899066,-79.887726,,
Gonzalo_Zevallos_(Vapor),Termica,Turbovapor,S.N.I.,Ecuador,140.0,,,,,,2000,,,-2.1899066,-79.887726,,
Gonzanergy,Fotovoltaica,Fotovoltaica,S.N.I.,Ecuador,1.0,,,,,,2000,,,-4.2303,-79.4366,,
Gualaceo,Hidraulica,Pasada,S.N.I.,Ecuador,0.97,,,,,,2000,,,-2.9179486,-78.846188,,
Gualberto_Hernandez,Termica,MCI,S.N.I.,Ecuador,31.2,,,,,,2000,,,-0.215492,-78.5013648,,
Guangopolo_0,Termica,MCI,S.N.I.,Ecuador,21.8,,,,,,2000,,,-0.215492,-78.5013648,,
Guangopolo_1,Hidraulica,Pasada,S.N.I.,Ecuador,20.92,,,,,,2000,,,-0.215492,-78.5013648,,
Guangopolo_2,Termica,MCI,S.N.I.,Ecuador,48.0,,,,,,2000,,,-0.215492,-78.5013648,,
Guanta,Termica,MCI,No_Incorporado,Ecuador,9.77,,,,,,2000,,,0.0854,-76.8915,,
Hidrocarolina,Hidraulica,Pasada,S.N.I.,Ecuador,0.88,,,,,,2000,,,0.3478421,-78.1173588,,
Hidrosanbartolo,Hidraulica,Pasada,S.N.I.,Ecuador,49.95,,,,,,2000,,,-3.7939049,-79.2817721,,
Hidrotambo,Hidraulica,Pasada,S.N.I.,Ecuador,8.0,,,,,,2000,,,-1.9432708,-79.0660695,,
Hormiguero_A,Termica,MCI,No_Incorporado,Ecuador,0.77,,,,,,2000,,,-0.78618,-76.4803184,,
Hormiguero_B,Termica,MCI,No_Incorporado,Ecuador,0.83,,,,,,2000,,,-0.78618,-76.4803184,,
Hormiguero_C,Termica,MCI,No_Incorporado,Ecuador,7.85,,,,,,2000,,,-0.78618,-76.4803184,,
Hormiguero_D,Termica,MCI,No_Incorporado,Ecuador,3.0,,,,,,2000,,,-0.78618,-76.4803184,,
Hormiguero_Sur,Termica,MCI,No_Incorporado,Ecuador,4.08,,,,,,2000,,,-0.78618,-76.4803184,,
Illuchi_No.1,Hidraulica,Pasada,S.N.I.,Ecuador,4.0,,,,,,2000,,,-0.9336215,-78.6150488,,
Illuchi_No.2,Hidraulica,Pasada,S.N.I.,Ecuador,5.2,,,,,,2000,,,-0.9336215,-78.6150488,,
Indillana,Termica,MCI,No_Incorporado,Ecuador,2.28,,,,,,2000,,,-0.78618,-76.4803184,,
Ipnegal,Hidraulica,Pasada,S.N.I.,Ecuador,10.36,,,,,,2000,,,-0.215492,-78.5013648,,
Isabela,Termica,MCI,No_Incorporado,Ecuador,4.09,,,,,,2000,,,-2.8959964,-79.0193947,,
Isabela_Solar,Fotovoltaica,Fotovoltaica,No_Incorporado,Ecuador,0.95,,,,,,2000,,,-2.8959964,-79.0193947,,
Isabela_Solar_Aislados,Fotovoltaica,Fotovoltaica,No_Incorporado,Ecuador,0.01,,,,,,2000,,,-2.8959964,-79.0193947,,
Itaya_A,Termica,MCI,No_Incorporado,Ecuador,1.35,,,,,,2000,,,-0.2886094,-76.5906632,,
Itaya_B,Termica,MCI,No_Incorporado,Ecuador,1.1,,,,,,2000,,,-0.2886094,-76.5906632,,
Jaguar,Termica,MCI,No_Incorporado,Ecuador,0.29,,,,,,2000,,,-0.78618,-76.4803184,,
Jaramijo,Termica,MCI,S.N.I.,Ecuador,128.88,,,,,,2000,,,-0.9739097,-80.6020847,,
Jivino_A,Termica,MCI,No_Incorporado,Ecuador,0.76,,,,,,2000,,,-0.2886094,-76.5906632,,
Jivino_C,Termica,MCI,No_Incorporado,Ecuador,0.23,,,,,,2000,,,-0.2886094,-76.5906632,,
Jivino_I,Termica,MCI,S.N.I.,Ecuador,5.4,,,,,,2000,,,-0.2886094,-76.5906632,,
Jivino_II,Termica,MCI,S.N.I.,Ecuador,10.0,,,,,,2000,,,-0.2886094,-76.5906632,,
Jivino_III,Termica,MCI,S.N.I.,Ecuador,42.0,,,,,,2000,,,-0.2886094,-76.5906632,,
Kohler,Termica,MCI,S.N.I.,Ecuador,1.4,,,,,,2000,,,-0.0038813,-78.0481801,,
Kupi_1,Termica,MCI,No_Incorporado,Ecuador,1.83,,,,,,2000,,,-0.78618,-76.4803184,,
Kupi_4,Termica,MCI,No_Incorporado,Ecuador,1.5,,,,,,2000,,,-0.78618,-76.4803184,,
La_Calera,Hidraulica,Pasada,S.N.I.,Ecuador,1.98,,,,,,2000,,,-0.4984774,-78.6516915,,
La_Playa,Hidraulica,Pasada,S.N.I.,Ecuador,1.23,,,,,,2000,,,0.811,-77.7173,,
La_Propicia,Termica,MCI,S.N.I.,Ecuador,8.5,,,,,,2000,,,0.7343619,-79.3858867,,
Lago_Agrio,Termica,MCI,No_Incorporado,Ecuador,11.12,,,,,,2000,,,0.0854,-76.8915,,
Lago_Agrio_LTF,Termica,MCI,No_Incorporado,Ecuador,1.28,,,,,,2000,,,0.0854,-76.8915,,
Laguna,Termica,MCI,No_Incorporado,Ecuador,0.44,,,,,,2000,,,-0.2886094,-76.5906632,,
Limoncocha,Termica,MCI,No_Incorporado,Ecuador,7.47,,,,,,2000,,,-0.2886094,-76.5906632,,
Lligua,Termica,MCI,S.N.I.,Ecuador,3.6,,,,,,2000,,,-1.2491,-78.6168,,
Lobo,Termica,MCI,No_Incorporado,Ecuador,1.09,,,,,,2000,,,-0.78618,-76.4803184,,
Lojaenergy,Fotovoltaica,Fotovoltaica,S.N.I.,Ecuador,0.7,,,,,,2000,,,-3.987,-79.3592,,
Loreto,Hidraulica,Pasada,S.N.I.,Ecuador,2.2,,,,,,2000,,,-0.2222967,-78.5234313,,
Loreto_1,Termica,MCI,S.N.I.,Ecuador,1.8,,,,,,2000,,,-0.6471884,-77.3252738,,
Los_Chillos,Hidraulica,Pasada,S.N.I.,Ecuador,1.76,,,,,,2000,,,-0.39888,-78.4368107,,
Macas,Termica,MCI,S.N.I.,Ecuador,4.0,,,,,,2000,,,-2.4303097,-77.880192,,
Manduriacu,Hidraulica,Pasada,S.N.I.,Ecuador,65.0,,,,,,2000,,,0.3955234,-78.4507013,,
Manta_II,Termica,MCI,S.N.I.,Ecuador,17.34,,,,,,2000,,,-1.0321775,-80.8222167,,
Marcel_Laniado,Hidraulica,Embalse,S.N.I.,Ecuador,213.0,,,,,,2000,,,-0.9910107,-79.6642365,,
Mariann_30,Termica,MCI,No_Incorporado,Ecuador,0.8,,,,,,2000,,,-0.2655114,-75.8920692,,
Mariann_4A,Termica,MCI,No_Incorporado,Ecuador,1.25,,,,,,2000,,,-0.2655114,-75.8920692,,
Mariann_5-8,Termica,MCI,No_Incorporado,Ecuador,1.05,,,,,,2000,,,-0.2655114,-75.8920692,,
Mariann_9,Termica,MCI,No_Incorporado,Ecuador,0.97,,,,,,2000,,,-0.2655114,-75.8920692,,
Mariann_Battery,Termica,MCI,No_Incorporado,Ecuador,0.8,,,,,,2000,,,-0.2655114,-75.8920692,,
Mariann_Vieja,Termica,MCI,No_Incorporado,Ecuador,3.0,,,,,,2000,,,-0.2655114,-75.8920692,,
Mazar,Hidraulica,Embalse,S.N.I.,Ecuador,170.0,,,,,,2000,,,-2.7051608,-78.6014387,,
MDC-CPF,Termica,MCI,No_Incorporado,Ecuador,7.4,,,,,,2000,,,-0.78618,-76.4803184,,
Minas_San_Francisco,Hidraulica,Pasada,S.N.I.,Ecuador,274.5,,,,,,2000,,,-3.1748913,-79.5147127,,
Miraflores,Termica,MCI,S.N.I.,Ecuador,39.4,,,,,,2000,,,-1.0321775,-80.8222167,,
Mono,Termica,MCI,No_Incorporado,Ecuador,1.74,,,,,,2000,,,-0.78618,-76.4803184,,
Mulalo,Fotovoltaica,Fotovoltaica,S.N.I.,Ecuador,1.0,,,,,,2000,,,-0.9336215,-78.6150488,,
Nantu_B,Termica,MCI,No_Incorporado,Ecuador,3.88,,,,,,2000,,,-0.78618,-76.4803184,,
Nantu_C,Termica,MCI,No_Incorporado,Ecuador,1.97,,,,,,2000,,,-0.78618,-76.4803184,,
Nantu_D,Termica,MCI,No_Incorporado,Ecuador,4.33,,,,,,2000,,,-0.78618,-76.4803184,,
Nayon,Hidraulica,Pasada,S.N.I.,Ecuador,29.7,,,,,,2000,,,-0.215492,-78.5013648,,
Nenke,Termica,MCI,No_Incorporado,Ecuador,1.58,,,,,,2000,,,-0.9846232,-75.9891533,,
Nizag,Hidraulica,Pasada,No_Incorporado,Ecuador,0.75,,,,,,2000,,,-2.1973,-78.8473,,
Normandia_0,Hidraulica,Pasada,S.N.I.,Ecuador,49.58,,,,,,2000,,,-2.4303097,-77.880192,,
Noroccidente,Hidraulica,Pasada,S.N.I.,Ecuador,0.3,,,,,,2000,,,-0.215492,-78.5013648,,
Ocana,Hidraulica,Pasada,S.N.I.,Ecuador,26.1,,,,,,2000,,,-2.5542,-78.9391,,
Oso,Termica,MCI,No_Incorporado,Ecuador,29.57,,,,,,2000,,,-0.9438718,-78.1083982,,
Otavalo_I,Hidraulica,Pasada,No_Incorporado,Ecuador,0.4,,,,,,2000,,,0.2333,-78.2667,,
Otavalo_II,Hidraulica,Pasada,S.N.I.,Ecuador,0.4,,,,,,2000,,,0.2333,-78.2667,,
Pacayacu,Termica,MCI,No_Incorporado,Ecuador,0.28,,,,,,2000,,,0.0854,-76.8915,,
Paka_Norte,Termica,MCI,No_Incorporado,Ecuador,0.5,,,,,,2000,,,-0.2611097,-76.9080096,,
Paka_Sur,Termica,MCI,No_Incorporado,Ecuador,4.75,,,,,,2000,,,-0.2611097,-76.9080096,,
Pakay,Termica,MCI,No_Incorporado,Ecuador,1.85,,,,,,2000,,,-0.2611097,-76.9080096,,
Palmar_Oeste,Termica,MCI,No_Incorporado,Ecuador,4.15,,,,,,2000,,,-0.2886094,-76.5906632,,
Palo_Azul_PGE,Termica,Turbovapor,No_Incorporado,Ecuador,33.18,,,,,,2000,,,-0.2611097,-76.9080096,,
Panacocha,Termica,MCI,No_Incorporado,Ecuador,0.13,,,,,,2000,,,-0.78618,-76.4803184,,
Panayacu,Termica,MCI,No_Incorporado,Ecuador,0.32,,,,,,2000,,,-0.2886094,-76.5906632,,
Panel_Fotovoltaico,Fotovoltaica,Fotovoltaica,No_Incorporado,Ecuador,0.37,,,,,,2000,,,-2.6463,-78.2167,,
Panel_Fotovoltaico_1,Fotovoltaica,Fotovoltaica,No_Incorporado,Ecuador,0.2,,,,,,2000,,,-1.916667,-77.0,,
Papallacta,Hidraulica,Pasada,S.N.I.,Ecuador,6.2,,,,,,2000,,,-0.2222967,-78.5234313,,
Paragachi,Fotovoltaica,Fotovoltaica,S.N.I.,Ecuador,1.0,,,,,,2000,,,0.3924612,-77.9402957,,
Paramo,Termica,MCI,No_Incorporado,Ecuador,2.56,,,,,,2000,,,-0.2222967,-78.5234313,,
Pasochoa,Hidraulica,Pasada,S.N.I.,Ecuador,4.5,,,,,,2000,,,-0.4984774,-78.6516915,,
Pastocalle,Fotovoltaica,Fotovoltaica,S.N.I.,Ecuador,1.0,,,,,,2000,,,-0.9336215,-78.6150488,,
Paute,Hidraulica,Embalse,S.N.I.,Ecuador,1100.0,,,,,,2000,,,-2.7051608,-78.6014387,,
Payamino,Termica,MCI,No_Incorporado,Ecuador,10.98,,,,,,2000,,,-0.78618,-76.4803184,,
Payamino_1,Termica,MCI,S.N.I.,Ecuador,1.8,,,,,,2000,,,-0.78618,-76.4803184,,
PBH-Estacion,Termica,MCI,No_Incorporado,Ecuador,0.2,,,,,,2000,,,-0.78618,-76.4803184,,
PBH-HUA02,Termica,MCI,No_Incorporado,Ecuador,0.7,,,,,,2000,,,-0.78618,-76.4803184,,
PBHI-INCHI_A,Termica,MCI,No_Incorporado,Ecuador,2.3,,,,,,2000,,,-0.78618,-76.4803184,,
PBHI-INCHI_B,Termica,MCI,No_Incorporado,Ecuador,0.5,,,,,,2000,,,-0.78618,-76.4803184,,
PBH-PAR12,Termica,MCI,No_Incorporado,Ecuador,1.5,,,,,,2000,,,-0.78618,-76.4803184,,
PBH-PSO24,Termica,MCI,No_Incorporado,Ecuador,0.7,,,,,,2000,,,-0.78618,-76.4803184,,
PCC-Tierras_Orientales,Termica,MCI,No_Incorporado,Ecuador,0.11,,,,,,2000,,,-0.78618,-76.4803184,,
Pedernales,Termica,MCI,S.N.I.,Ecuador,3.9,,,,,,2000,,,0.0716,-79.9973,,
Peninsula,Hidraulica,Pasada,S.N.I.,Ecuador,2.9,,,,,,2000,,,-1.2491,-78.6168,,
Penke_B,Termica,MCI,No_Incorporado,Ecuador,1.09,,,,,,2000,,,-0.78618,-76.4803184,,
Perlabi,Hidraulica,Pasada,S.N.I.,Ecuador,2.46,,,,,,2000,,,-0.215492,-78.5013648,,
Pichacay,Biogas,MCI,S.N.I.,Ecuador,1.0,,,,,,2000,,,-2.9006,-79.0045,,
Pichincha,Termica,MCI,No_Incorporado,Ecuador,0.17,,,,,,2000,,,0.0854,-76.8915,,
Pindo,Termica,MCI,No_Incorporado,Ecuador,1.45,,,,,,2000,,,-0.78618,-76.4803184,,
Planta_Chimborazo,Hidraulica,Pasada,No_Incorporado,Ecuador,1.9,,,,,,2000,,,-1.6731483,-78.6486465,,
Planta_de_Agua,Termica,MCI,No_Incorporado,Ecuador,1.52,,,,,,2000,,,0.0807,-77.5649,,
Planta_Guapan,Termica,Turbovapor,No_Incorporado,Ecuador,2.5,,,,,,2000,,,-2.6317292,-78.7008934,,
Playas_del_Cuyabeno,Termica,MCI,No_Incorporado,Ecuador,0.43,,,,,,2000,,,-0.2655114,-75.8920692,,
Pucara,Hidraulica,Embalse,S.N.I.,Ecuador,73.0,,,,,,2000,,,-1.1725302,-78.5423177,,
Pucuna,Termica,MCI,No_Incorporado,Ecuador,1.46,,,,,,2000,,,-0.2611097,-76.9080096,,
Puerto_Nuevo,Termica,MCI,No_Incorporado,Ecuador,0.0002,,,,,,2000,,,-0.78618,-76.4803184,,
Puerto_Quito,Termica,MCI,No_Incorporado,Ecuador,0.16,,,,,,2000,,,0.0864955,-79.052577,,
Puna_Nueva,Termica,MCI,No_Incorporado,Ecuador,2.52,,,,,,2000,,,-2.1899066,-79.887726,,
Pusuno_0,Hidraulica,Pasada,S.N.I.,Ecuador,38.25,,,,,,2000,,,-0.9438718,-78.1083982,,
Quevedo_II,Termica,MCI,S.N.I.,Ecuador,81.0,,,,,,2000,,,-1.0243508,-79.4663323,,
Recuperadora,Hidraulica,Pasada,S.N.I.,Ecuador,14.5,,,,,,2000,,,-0.215492,-78.5013648,,
Renova_Loja,Fotovoltaica,Fotovoltaica,S.N.I.,Ecuador,0.7,,,,,,2000,,,-3.987,-79.3592,,
REPSOL_YPF-NPF-1,Termica,Turbogas,No_Incorporado,Ecuador,35.0,,,,,,2000,,,-0.9846232,-75.9891533,,
REPSOL_YPF-NPF-2,Termica,MCI,No_Incorporado,Ecuador,8.49,,,,,,2000,,,-0.9846232,-75.9891533,,
REPSOL_YPF-SPF-1,Termica,Turbogas,No_Incorporado,Ecuador,19.0,,,,,,2000,,,-0.9846232,-75.9891533,,
REPSOL_YPF-SPF-2,Termica,MCI,No_Incorporado,Ecuador,13.63,,,,,,2000,,,-0.9846232,-75.9891533,,
REPSOL_YPF-SPF-3,Termica,MCI,No_Incorporado,Ecuador,44.3,,,,,,2000,,,-0.9846232,-75.9891533,,
REPSOL_YPF-SSFD,Termica,MCI,No_Incorporado,Ecuador,6.95,,,,,,2000,,,-0.2886094,-76.5906632,,
Rio_Blanco,Hidraulica,Pasada,S.N.I.,Ecuador,3.0,,,,,,2000,,,-1.6731483,-78.6486465,,
RS_Roth_Shushufindi_Drago_2,Termica,MCI,No_Incorporado,Ecuador,4.79,,,,,,2000,,,-0.2886094,-76.5906632,,
RS_Roth_Shushufindi_Drago_N1,Termica,MCI,No_Incorporado,Ecuador,2.4,,,,,,2000,,,-0.2886094,-76.5906632,,
Sabiango_Solar,Fotovoltaica,Fotovoltaica,S.N.I.,Ecuador,0.73,,,,,,2000,,,-4.3490568,-79.9161416,,
Sacha,Termica,MCI,No_Incorporado,Ecuador,34.37,,,,,,2000,,,-0.2611097,-76.9080096,,
Sacha_1,Termica,MCI,No_Incorporado,Ecuador,18.6,,,,,,2000,,,-0.2611097,-76.9080096,,
Sacha_Norte_1,Termica,MCI,No_Incorporado,Ecuador,3.26,,,,,,2000,,,-0.2611097,-76.9080096,,
Sacha_Norte_2,Termica,MCI,No_Incorporado,Ecuador,11.49,,,,,,2000,,,-0.2611097,-76.9080096,,
Sacha_Sur,Termica,MCI,No_Incorporado,Ecuador,3.09,,,,,,2000,,,-0.2611097,-76.9080096,,
Sacha_Sur_GAS_Wakesha,Termica,MCI,No_Incorporado,Ecuador,3.6,,,,,,2000,,,-0.2611097,-76.9080096,,
Salinas,Fotovoltaica,Fotovoltaica,S.N.I.,Ecuador,2.0,,,,,,2000,,,0.3478421,-78.1173588,,
San_Carlos,Biomasa,Turbovapor,S.N.I.,Ecuador,73.6,,,,,,2000,,,-2.2333629,-79.3861649,,
San_Cristobal,Termica,MCI,No_Incorporado,Ecuador,5.91,,,,,,2000,,,-0.9151226,-89.5662955,,
San_Cristobal_Eolico,Eolica,Eolica,No_Incorporado,Ecuador,2.4,,,,,,2000,,,-0.9151226,-89.5662955,,
San_Cristobal_Solar_Eolicsa,Fotovoltaica,Fotovoltaica,No_Incorporado,Ecuador,0.01,,,,,,2000,,,-0.9151226,-89.5662955,,
San_Francisco,Hidraulica,Pasada,S.N.I.,Ecuador,212.0,,,,,,2000,,,-1.3319157,-78.2625285,,
San_Miguel_de_Car,Hidraulica,Pasada,S.N.I.,Ecuador,2.52,,,,,,2000,,,0.811,-77.7173,,
San_Pedro,Fotovoltaica,Fotovoltaica,S.N.I.,Ecuador,1.0,,,,,,2000,,,-4.2303,-79.4366,,
Sanersol,Fotovoltaica,Fotovoltaica,S.N.I.,Ecuador,1.0,,,,,,2000,,,-3.4145539,-80.154904,,
Sansahuari,Termica,MCI,No_Incorporado,Ecuador,6.49,,,,,,2000,,,-0.2655114,-75.8920692,,
Sansau,Fotovoltaica,Fotovoltaica,S.N.I.,Ecuador,1.0,,,,,,2000,,,-1.8167,-79.5167,,
Santa_Cruz,Termica,MCI,No_Incorporado,Ecuador,12.79,,,,,,2000,,,-0.6663,-90.3333,,
Santa_Cruz_Solar_Aislados,Fotovoltaica,Fotovoltaica,No_Incorporado,Ecuador,0.01,,,,,,2000,,,-0.6663,-90.3333,,
Santa_Cruz_Solar_Puerto_Ayora,Fotovoltaica,Fotovoltaica,No_Incorporado,Ecuador,1.52,,,,,,2000,,,-0.6663,-90.3333,,
Santa_Elena,Termica,MCI,No_Incorporado,Ecuador,1.31,,,,,,2000,,,-0.2886094,-76.5906632,,
Santa_Elena_II,Termica,MCI,S.N.I.,Ecuador,65.03,,,,,,2000,,,-2.1954593,-80.5669167,,
Santa_Elena_III,Termica,MCI,S.N.I.,Ecuador,40.0,,,,,,2000,,,-2.1954593,-80.5669167,,
Santa_Rosa,Termica,Turbogas,S.N.I.,Ecuador,51.0,,,,,,2000,,,-0.4984774,-78.6516915,,
Saracaysol,Fotovoltaica,Fotovoltaica,S.N.I.,Ecuador,1.0,,,,,,2000,,,-3.4145539,-80.154904,,
Sarayacu,Termica,MCI,No_Incorporado,Ecuador,7.78,,,,,,2000,,,-0.9136,-77.806,,
Sardinas,Termica,MCI,No_Incorporado,Ecuador,5.33,,,,,,2000,,,-0.2222967,-78.5234313,,
Saucay,Hidraulica,Pasada,S.N.I.,Ecuador,24.0,,,,,,2000,,,-2.9006,-79.0045,,
Saymirin,Hidraulica,Pasada,S.N.I.,Ecuador,15.52,,,,,,2000,,,-2.9006,-79.0045,,
Secoya,Termica,MCI,No_Incorporado,Ecuador,26.27,,,,,,2000,,,0.0854,-76.8915,,
Secoya_2,Termica,MCI,No_Incorporado,Ecuador,8.0,,,,,,2000,,,0.0854,-76.8915,,
Selva_Alegre,Termica,MCI,S.N.I.,Ecuador,24.3,,,,,,2000,,,0.2333,-78.2667,,
Shiripuno,Termica,MCI,No_Incorporado,Ecuador,0.8,,,,,,2000,,,-0.78618,-76.4803184,,
Shushufindi,Termica,Turbogas,No_Incorporado,Ecuador,10.0,,,,,,2000,,,-0.2886094,-76.5906632,,
Shushufindi_Estacion_Sur-oeste,Termica,MCI,No_Incorporado,Ecuador,9.77,,,,,,2000,,,-0.2886094,-76.5906632,,
Shushufindi_Norte,Termica,MCI,No_Incorporado,Ecuador,2.37,,,,,,2000,,,-0.2886094,-76.5906632,,
Sibimbe,Hidraulica,Pasada,S.N.I.,Ecuador,14.2,,,,,,2000,,,-1.3335519,-79.3369009,,
Sigchos,Hidraulica,Pasada,S.N.I.,Ecuador,18.39,,,,,,2000,,,-0.6130215,-78.8818616,,
Sillunchi_I,Hidraulica,Pasada,S.N.I.,Ecuador,0.09,,,,,,2000,,,-0.4984774,-78.6516915,,
Sillunchi_II,Hidraulica,Pasada,S.N.I.,Ecuador,0.3,,,,,,2000,,,-0.4984774,-78.6516915,,
Sistemas_Menores,Termica,MCI,No_Incorporado,Ecuador,9.4,,,,,,2000,,,0.0667,-75.9333,,
Solchacras,Fotovoltaica,Fotovoltaica,S.N.I.,Ecuador,1.0,,,,,,2000,,,-3.4145539,-80.154904,,
Solhuaqui,Fotovoltaica,Fotovoltaica,S.N.I.,Ecuador,1.0,,,,,,2000,,,-3.4145539,-80.154904,,
Solsantonio,Fotovoltaica,Fotovoltaica,S.N.I.,Ecuador,1.0,,,,,,2000,,,-3.4145539,-80.154904,,
Solsantros,Fotovoltaica,Fotovoltaica,S.N.I.,Ecuador,1.0,,,,,,2000,,,-3.4145539,-80.154904,,
Sopladora,Hidraulica,Pasada,S.N.I.,Ecuador,486.9,,,,,,2000,,,-2.7051608,-78.6014387,,
SRF_Shushufindi,Termica,MCI,No_Incorporado,Ecuador,0.35,,,,,,2000,,,-0.2886094,-76.5906632,,
Subestacion_4B,Termica,MCI,No_Incorporado,Ecuador,0.46,,,,,,2000,,,0.0807,-77.5649,,
Sunka_1,Termica,MCI,No_Incorporado,Ecuador,2.3,,,,,,2000,,,-0.78618,-76.4803184,,
Sunka_2,Termica,MCI,No_Incorporado,Ecuador,0.36,,,,,,2000,,,-0.78618,-76.4803184,,
Surenergy,Fotovoltaica,Fotovoltaica,S.N.I.,Ecuador,1.0,,,,,,2000,,,-3.987,-79.3592,,
Taisha,Termica,Turbovapor,No_Incorporado,Ecuador,0.24,,,,,,2000,,,-2.3812385,-77.5087463,,
Tambococha_A,Termica,MCI,No_Incorporado,Ecuador,1.84,,,,,,2000,,,-0.9846232,-75.9891533,,
Tangay,Termica,MCI,No_Incorporado,Ecuador,0.29,,,,,,2000,,,-0.78618,-76.4803184,,
Tapi,Termica,MCI,No_Incorporado,Ecuador,3.92,,,,,,2000,,,0.0854,-76.8915,,
Tapir_A,Termica,MCI,No_Incorporado,Ecuador,5.83,,,,,,2000,,,-0.78618,-76.4803184,,
Tapir_B,Termica,MCI,No_Incorporado,Ecuador,1.3,,,,,,2000,,,-0.78618,-76.4803184,,
Tarapuy,Termica,MCI,No_Incorporado,Ecuador,0.64,,,,,,2000,,,-0.2655114,-75.8920692,,
Terminal_Maritimo,Termica,MCI,No_Incorporado,Ecuador,1.72,,,,,,2000,,,0.7343619,-79.3858867,,
Termogas_Machala_I,Termica,Turbogas,S.N.I.,Ecuador,130.6,,,,,,2000,,,-3.2413487,-79.8296713,,
Termogas_Machala_II,Termica,Turbogas,S.N.I.,Ecuador,119.0,,,,,,2000,,,-3.2413487,-79.8296713,,
Termoguayas,Termica,MCI,S.N.I.,Ecuador,120.0,,,,,,2000,,,-2.1899066,-79.887726,,
Tetete,Termica,MCI,No_Incorporado,Ecuador,2.91,,,,,,2000,,,0.0854,-76.8915,,
Tilivi,Hidraulica,Pasada,S.N.I.,Ecuador,0.06,,,,,,2000,,,-1.2491,-78.6168,,
Tipishca,Termica,MCI,No_Incorporado,Ecuador,1.12,,,,,,2000,,,-0.2655114,-75.8920692,,
Tiputi_A-2,Termica,MCI,No_Incorporado,Ecuador,11.22,,,,,,2000,,,-0.78618,-76.4803184,,
Tiputini_A-1,Termica,MCI,No_Incorporado,Ecuador,11.3,,,,,,2000,,,-0.78618,-76.4803184,,
Tiputini_C-1,Termica,MCI,No_Incorporado,Ecuador,22.59,,,,,,2000,,,-0.78618,-76.4803184,,
Tiputini_C-2,Termica,MCI,No_Incorporado,Ecuador,15.06,,,,,,2000,,,-0.78618,-76.4803184,,
Topo,Hidraulica,Pasada,S.N.I.,Ecuador,27.0,,,,,,2000,,,-1.3319157,-78.2625285,,
TPP,Termica,MCI,No_Incorporado,Ecuador,65.4,,,,,,2000,,,-0.2655114,-75.8920692,,
Tren_Salinas,Fotovoltaica,Fotovoltaica,S.N.I.,Ecuador,1.0,,,,,,2000,,,0.3478421,-78.1173588,,
Trinitaria,Termica,Turbovapor,S.N.I.,Ecuador,133.0,,,,,,2000,,,-2.1899066,-79.887726,,
Tumali,Termica,MCI,No_Incorporado,Ecuador,1.07,,,,,,2000,,,-0.78618,-76.4803184,,
Uravia,Hidraulica,Pasada,S.N.I.,Ecuador,0.98,,,,,,2000,,,-0.215492,-78.5013648,,
VHR,Termica,MCI,No_Incorporado,Ecuador,8.7,,,,,,2000,,,-0.2655114,-75.8920692,,
Victoria,Hidraulica,Pasada,S.N.I.,Ecuador,10.0,,,,,,2000,,,-0.2222967,-78.5234313,,
Victoria_II,Termica,Turbogas,S.N.I.,Ecuador,102.0,,,,,,2000,,,-2.1899066,-79.887726,,
Villano_A,Termica,MCI,No_Incorporado,Ecuador,4.2,,,,,,2000,,,-1.3537363,-76.8441101,,
Villonaco,Eolica,Eolica,S.N.I.,Ecuador,16.5,,,,,,2000,,,-4.0528506,-79.8053425,,
Vindobona,Hidraulica,Pasada,S.N.I.,Ecuador,5.86,,,,,,2000,,,-0.215492,-78.5013648,,
Vinita,Termica,MCI,No_Incorporado,Ecuador,2.64,,,,,,2000,,,-0.2655114,-75.8920692,,
Wanke_1,Termica,MCI,No_Incorporado,Ecuador,4.08,,,,,,2000,,,-0.78618,-76.4803184,,
Wildtecsa,Fotovoltaica,Fotovoltaica,S.N.I.,Ecuador,1.0,,,,,,2000,,,-1.8167,-79.5167,,
Yamanunka,Termica,MCI,No_Incorporado,Ecuador,1.2,,,,,,2000,,,-0.2886094,-76.5906632,,
Yanaq_Oeste,Termica,MCI,No_Incorporado,Ecuador,1.15,,,,,,2000,,,-0.2611097,-76.9080096,,
Yuca,Termica,MCI,No_Incorporado,Ecuador,5.48,,,,,,2000,,,-0.78618,-76.4803184,,
Yuralpa,Termica,MCI,No_Incorporado,Ecuador,9.21,,,,,,2000,,,-0.9438718,-78.1083982,,
ZEMI,Termica,MCI,No_Incorporado,Ecuador,1.07,,,,,,2000,,,-0.78618,-76.4803184,,
